ticker,price,judgment,score,rsi,macd_diff,ma20,ma50,bb_pct,momentum_1w,momentum_1m,momentum_3m,vol_ratio,pe_ratio,eps_growth,revenue_growth,signals,order_book
0700.HK,479.2,HOLD,-20,39.2,-1.809,497.39,513.68,17.1,-3.23,-0.5,-22.83,0.85,12.332423,0.141,0.127,"['RSI=39.2 中立', 'MACD デッドクロス(売りシグナル)', 'MA 下降トレンド(売りシグナル)', 'BB下限付近 bb_pct=17.1%(買いシグナル)']",{}
9988.HK,130.6,HOLD,15,50.1,0.525,127.92,133.31,61.7,0.15,8.38,-24.73,0.77,17.097033,-0.709,0.017,"['RSI=50.1 中立', 'MACD ゴールデンクロス(買いシグナル)']",{}
1299.HK,84.95,HOLD,0,51.7,-0.137,84.89,84.49,50.6,3.91,0.0,-4.39,1.28,12.7014885,0.094,0.06,"['RSI=51.7 中立', 'MACD デッドクロス(売りシグナル)', 'MA 上昇トレンド(買いシグナル)']",{}
0939.HK,8.99,HOLD,20,69.9,0.02,8.63,8.25,88.5,1.81,9.1,11.96,1.45,5.7738113,0.003,0.024,"['RSI=69.9 中立', 'MACD ゴールデンクロス(買いシグナル)', 'MA 上昇トレンド(買いシグナル)', 'BB上限付近 bb_pct=88.5%(売りシグナル)']",{}
005930.KS,228500.0,BUY,30,64.5,862.354,212215.0,199061.0,85.8,4.1,22.72,51.93,0.22,5.611426,1.622,0.238,"['RSI=64.5 中立', 'MACD ゴールデンクロス(買いシグナル)', 'MA 上昇トレンド(買いシグナル)', 'BB上限付近 bb_pct=85.8%(売りシグナル)', '1ヶ月モメンタム +22.7%(強い上昇)']",{}
1810.HK,30.14,HOLD,-20,37.5,-0.055,31.43,33.13,7.7,-3.34,-6.92,-17.02,1.14,16.000088,-0.346,0.073,"['RSI=37.5 中立', 'MACD デッドクロス(売りシグナル)', 'MA 下降トレンド(売りシグナル)', 'BB下限付近 bb_pct=7.7%(買いシグナル)']",{}
3690.HK,83.15,HOLD,-15,48.4,-0.547,84.66,82.14,35.2,0.06,-1.25,-15.46,1.08,15.59196,,0.028,"['RSI=48.4 中立', 'MACD デッドクロス(売りシグナル)']",{}
005935.KS,164200.0,BUY,30,69.9,1738.584,146400.0,138320.0,90.2,6.83,31.99,49.14,0.28,4.555827,1.622,0.238,"['RSI=69.9 中立', 'MACD ゴールデンクロス(買いシグナル)', 'MA 上昇トレンド(買いシグナル)', 'BB上限付近 bb_pct=90.2%(売りシグナル)', '1ヶ月モメンタム +32.0%(強い上昇)']",{}
000660.KS,1318000.0,HOLD,10,73.1,16278.979,1128050.0,1019162.56,84.9,7.86,50.46,59.09,0.22,3.8117461,3.966,1.981,"['RSI=73.1 買われすぎ(売りシグナル)', 'MACD ゴールデンクロス(買いシグナル)', 'MA 上昇トレンド(買いシグナル)', 'BB上限付近 bb_pct=84.9%(売りシグナル)', '1ヶ月モメンタム +50.5%(強い上昇)']",{}
005380.KS,546000.0,HOLD,25,57.1,4169.711,514500.0,518849.14,77.5,6.43,15.92,14.73,0.28,11.064229,,,"['RSI=57.1 中立', 'MACD ゴールデンクロス(買いシグナル)', '1ヶ月モメンタム +15.9%(強い上昇)']",{}
2318.HK,63.7,HOLD,15,56.8,0.247,61.39,63.62,96.6,4.94,8.15,-10.22,2.19,5.8091593,-0.74,-0.11,"['RSI=56.8 中立', 'MACD ゴールデンクロス(買いシグナル)', 'BB上限付近 bb_pct=96.6%(売りシグナル)', '出来高急増 2.2x(注目)']",{}
0388.HK,419.8,HOLD,20,59.7,0.707,407.59,404.51,83.5,1.84,9.78,-2.9,1.49,27.73128,0.151,0.138,"['RSI=59.7 中立', 'MACD ゴールデンクロス(買いシグナル)', 'MA 上昇トレンド(買いシグナル)', 'BB上限付近 bb_pct=83.5%(売りシグナル)']",{}
1211.HK,108.3,HOLD,0,54.3,-0.602,106.72,102.4,62.7,4.64,2.36,5.35,1.47,17.416945,-0.405,-0.135,"['RSI=54.3 中立', 'MACD デッドクロス(売りシグナル)', 'MA 上昇トレンド(買いシグナル)']",{}
1398.HK,7.22,BUY,40,65.9,0.001,7.04,6.69,79.7,0.56,7.12,9.56,1.66,5.9423394,0.038,-0.035,"['RSI=65.9 中立', 'MACD ゴールデンクロス(買いシグナル)', 'MA 上昇トレンド(買いシグナル)', '出来高急増 1.7x(注目)']",{}
3988.HK,5.18,HOLD,0,65.9,-0.012,5.09,4.82,77.0,0.78,5.93,10.92,1.15,5.914982,-0.072,0.063,"['RSI=65.9 中立', 'MACD デッドクロス(売りシグナル)', 'MA 上昇トレンド(買いシグナル)']",{}
402340.KS,854000.0,HOLD,10,79.3,19436.83,665400.0,606980.0,92.7,17.79,76.81,69.11,0.18,5.039196,,1.081,"['RSI=79.3 買われすぎ(売りシグナル)', 'MACD ゴールデンクロス(買いシグナル)', 'MA 上昇トレンド(買いシグナル)', 'BB上限付近 bb_pct=92.7%(売りシグナル)', '1ヶ月モメンタム +76.8%(強い上昇)']",{}
9888.HK,119.9,BUY,35,51.7,1.173,115.85,119.61,64.6,-0.5,13.54,-23.19,1.93,13.249538,-0.81,-0.041,"['RSI=51.7 中立', 'MACD ゴールデンクロス(買いシグナル)', '1ヶ月モメンタム +13.5%(強い上昇)', '出来高急増 1.9x(注目)']",{}
9961.HK,417.2,HOLD,15,52.9,1.14,408.39,408.57,65.5,0.34,8.53,-15.79,1.15,11.105285,0.978,0.208,"['RSI=52.9 中立', 'MACD ゴールデンクロス(買いシグナル)']",{}
105560.KS,163500.0,BUY,30,62.9,213.031,156915.0,154283.52,83.7,3.88,12.37,23.47,0.47,8.649346,0.204,6.874,"['RSI=62.9 中立', 'MACD ゴールデンクロス(買いシグナル)', 'MA 上昇トレンド(買いシグナル)', 'BB上限付近 bb_pct=83.7%(売りシグナル)', '1ヶ月モメンタム +12.4%(強い上昇)']",{}
9999.HK,175.0,SELL,-30,45.7,-0.263,176.71,179.79,40.1,1.51,1.51,-17.35,1.14,11.080968,-0.292,0.03,"['RSI=45.7 中立', 'MACD デッドクロス(売りシグナル)', 'MA 下降トレンド(売りシグナル)']",{}
034020.KS,128500.0,HOLD,10,72.7,2195.157,110890.0,104594.0,85.8,1.1,33.02,49.07,0.18,119.73648,,0.059,"['RSI=72.7 買われすぎ(売りシグナル)', 'MACD ゴールデンクロス(買いシグナル)', 'MA 上昇トレンド(買いシグナル)', 'BB上限付近 bb_pct=85.8%(売りシグナル)', '1ヶ月モメンタム +33.0%(強い上昇)']",{}
0857.HK,11.98,HOLD,0,72.0,0.101,10.9,10.47,114.5,7.93,7.54,29.51,1.22,10.333662,-0.009,0.022,"['RSI=72.0 買われすぎ(売りシグナル)', 'MACD ゴールデンクロス(買いシグナル)', 'MA 上昇トレンド(買いシグナル)', 'BB上限付近 bb_pct=114.5%(売りシグナル)']",{}
9618.HK,117.5,HOLD,0,54.9,-0.506,116.57,110.66,55.4,-1.01,4.45,1.49,0.77,7.5695252,,0.015,"['RSI=54.9 中立', 'MACD デッドクロス(売りシグナル)', 'MA 上昇トレンド(買いシグナル)']",{}
086790.KS,127700.0,BUY,30,68.6,575.649,120505.0,116499.49,86.8,3.57,16.41,24.98,0.26,7.3710456,,0.829,"['RSI=68.6 中立', 'MACD ゴールデンクロス(買いシグナル)', 'MA 上昇トレンド(買いシグナル)', 'BB上限付近 bb_pct=86.8%(売りシグナル)', '1ヶ月モメンタム +16.4%(強い上昇)']",{}
012450.KS,1396000.0,HOLD,-5,47.2,-12014.784,1458350.0,1390360.0,16.8,-4.58,-3.66,12.67,0.24,23.904789,-0.601,0.745,"['RSI=47.2 中立', 'MACD デッドクロス(売りシグナル)', 'BB下限付近 bb_pct=16.8%(買いシグナル)']",{}
000270.KS,155000.0,HOLD,15,49.6,183.962,154290.0,158739.69,54.4,1.04,3.2,7.8,0.2,6.527996,-0.142,0.035,"['RSI=49.6 中立', 'MACD ゴールデンクロス(買いシグナル)']",{}
2899.HK,36.46,HOLD,0,47.5,0.031,36.6,38.62,46.7,-1.19,6.55,-18.54,0.83,10.020367,0.957,0.248,"['RSI=47.5 中立', 'MACD ゴールデンクロス(買いシグナル)', 'MA 下降トレンド(売りシグナル)']",{}
2628.HK,27.4,HOLD,25,50.5,0.125,26.66,28.56,67.3,2.24,12.39,-22.11,1.12,5.48978,,-0.336,"['RSI=50.5 中立', 'MACD ゴールデンクロス(買いシグナル)', '1ヶ月モメンタム +12.4%(強い上昇)']",{}
055550.KS,100600.0,BUY,40,63.8,79.181,97472.44,94875.91,77.7,1.35,10.4,23.91,0.42,7.8229856,0.166,6.254,"['RSI=63.8 中立', 'MACD ゴールデンクロス(買いシグナル)', 'MA 上昇トレンド(買いシグナル)', '1ヶ月モメンタム +10.4%(強い上昇)']",{}
3968.HK,47.98,HOLD,-15,35.4,-0.228,50.15,49.45,-16.3,-6.01,-2.87,0.67,3.14,6.709848,0.016,-0.012,"['RSI=35.4 中立', 'MACD デッドクロス(売りシグナル)', 'BB下限付近 bb_pct=-16.3%(買いシグナル)', '出来高急増 3.1x(注目)']",{}
068270.KS,201000.0,HOLD,0,46.6,409.297,202215.0,208910.0,43.3,-3.83,2.92,-0.99,0.19,27.47231,1.287,0.251,"['RSI=46.6 中立', 'MACD ゴールデンクロス(買いシグナル)', 'MA 下降トレンド(売りシグナル)']",{}
2388.HK,44.08,HOLD,0,56.8,-0.071,43.77,42.87,59.0,-0.32,8.73,6.68,0.74,10.425634,-0.012,-0.027,"['RSI=56.8 中立', 'MACD デッドクロス(売りシグナル)', 'MA 上昇トレンド(買いシグナル)']",{}
0016.HK,140.0,HOLD,20,58.4,0.099,135.99,135.5,81.5,1.97,9.29,13.06,1.08,16.045109,0.362,0.32,"['RSI=58.4 中立', 'MACD ゴールデンクロス(買いシグナル)', 'MA 上昇トレンド(買いシグナル)', 'BB上限付近 bb_pct=81.5%(売りシグナル)']",{}
035420.KS,215500.0,HOLD,15,51.5,1860.171,209235.0,218725.75,68.7,0.7,9.11,-18.74,0.41,13.917789,-0.437,0.107,"['RSI=51.5 中立', 'MACD ゴールデンクロス(買いシグナル)']",{}
1088.HK,49.3,HOLD,20,66.6,0.281,46.49,46.19,112.9,3.96,3.18,13.33,1.0,14.669215,-0.122,0.012,"['RSI=66.6 中立', 'MACD ゴールデンクロス(買いシグナル)', 'MA 上昇トレンド(買いシグナル)', 'BB上限付近 bb_pct=112.9%(売りシグナル)']",{}
1288.HK,6.17,HOLD,20,74.1,0.007,5.94,5.56,73.3,0.0,14.26,10.18,1.43,6.188156,-0.016,0.021,"['RSI=74.1 買われすぎ(売りシグナル)', 'MACD ゴールデンクロス(買いシグナル)', 'MA 上昇トレンド(買いシグナル)', '1ヶ月モメンタム +14.3%(強い上昇)']",{}
6160.HK,179.2,SELL,-30,43.8,-0.941,185.13,185.41,26.7,-2.45,4.73,-14.83,0.8,28.981533,,0.328,"['RSI=43.8 中立', 'MACD デッドクロス(売りシグナル)', 'MA 下降トレンド(売りシグナル)']",{}
028260.KS,302500.0,BUY,40,52.0,595.039,299375.0,296140.0,55.4,-2.89,15.02,3.95,0.27,17.654306,0.68,0.084,"['RSI=52.0 中立', 'MACD ゴールデンクロス(買いシグナル)', 'MA 上昇トレンド(買いシグナル)', '1ヶ月モメンタム +15.0%(強い上昇)']",{}
0001.HK,65.95,BUY,30,66.5,0.16,63.46,62.08,83.7,1.85,11.69,-0.53,1.29,10.0494,0.597,-0.028,"['RSI=66.5 中立', 'MACD ゴールデンクロス(買いシグナル)', 'MA 上昇トレンド(買いシグナル)', 'BB上限付近 bb_pct=83.7%(売りシグナル)', '1ヶ月モメンタム +11.7%(強い上昇)']",{}
1024.HK,43.52,HOLD,10,33.3,0.388,45.12,54.31,17.9,-1.4,-3.33,-47.12,0.89,7.8610606,0.309,0.118,"['RSI=33.3 中立', 'MACD ゴールデンクロス(買いシグナル)', 'MA 下降トレンド(売りシグナル)', 'BB下限付近 bb_pct=17.9%(買いシグナル)']",{}
9987.HK,379.2,SELL,-40,43.9,-0.036,384.17,405.05,28.7,0.74,-2.12,-5.18,1.81,15.267167,0.343,0.088,"['RSI=43.9 中立', 'MACD デッドクロス(売りシグナル)', 'MA 下降トレンド(売りシグナル)', '出来高急増 1.8x(注目)']",{}
012330.KS,431500.0,HOLD,25,53.1,2078.843,419125.0,420046.28,64.8,2.13,11.07,0.13,0.2,8.115791,-0.394,0.047,"['RSI=53.1 中立', 'MACD ゴールデンクロス(買いシグナル)', '1ヶ月モメンタム +11.1%(強い上昇)']",{}
0669.HK,111.4,HOLD,15,50.0,0.118,110.58,114.05,55.6,0.0,8.79,4.11,0.74,15.907288,0.001,0.016,"['RSI=50.0 中立', 'MACD ゴールデンクロス(買いシグナル)']",{}
006400.KS,710000.0,HOLD,10,82.3,16208.262,552075.0,464030.0,91.4,10.76,61.92,99.44,0.23,51.09807,,0.028,"['RSI=82.3 買われすぎ(売りシグナル)', 'MACD ゴールデンクロス(買いシグナル)', 'MA 上昇トレンド(買いシグナル)', 'BB上限付近 bb_pct=91.4%(売りシグナル)', '1ヶ月モメンタム +61.9%(強い上昇)']",{}
600519.SS,1401.17,HOLD,-20,42.9,-4.267,1437.29,1438.09,13.3,-1.26,-3.99,4.33,0.99,18.656195,0.018,0.065,"['RSI=42.9 中立', 'MACD デッドクロス(売りシグナル)', 'MA 下降トレンド(売りシグナル)', 'BB下限付近 bb_pct=13.3%(買いシグナル)']",{}
009150.KS,867500.0,HOLD,10,81.7,15565.957,660375.0,519210.0,87.7,10.09,90.24,206.54,0.37,36.02639,0.157,0.164,"['RSI=81.7 買われすぎ(売りシグナル)', 'MACD ゴールデンクロス(買いシグナル)', 'MA 上昇トレンド(買いシグナル)', 'BB上限付近 bb_pct=87.7%(売りシグナル)', '1ヶ月モメンタム +90.2%(強い上昇)']",{}
2269.HK,33.94,SELL,-30,44.4,-0.162,34.88,36.01,33.8,0.06,8.23,-11.38,1.05,17.392544,0.394,0.172,"['RSI=44.4 中立', 'MACD デッドクロス(売りシグナル)', 'MA 下降トレンド(売りシグナル)']",{}
6869.HK,230.8,HOLD,10,58.8,-1.238,215.97,174.39,71.3,-0.94,17.16,206.91,0.78,83.34304,2.371,0.135,"['RSI=58.8 中立', 'MACD デッドクロス(売りシグナル)', 'MA 上昇トレンド(買いシグナル)', '1ヶ月モメンタム +17.2%(強い上昇)']",{}
1801.HK,84.9,HOLD,-15,47.5,-0.812,87.82,85.62,25.9,2.29,-1.39,0.41,0.91,31.660088,,0.296,"['RSI=47.5 中立', 'MACD デッドクロス(売りシグナル)']",{}
005490.KS,466500.0,HOLD,10,78.5,9139.75,392975.0,370226.83,96.5,12.41,34.24,37.45,0.24,16.011497,,-0.054,"['RSI=78.5 買われすぎ(売りシグナル)', 'MACD ゴールデンクロス(買いシグナル)', 'MA 上昇トレンド(買いシグナル)', 'BB上限付近 bb_pct=96.5%(売りシグナル)', '1ヶ月モメンタム +34.2%(強い上昇)']",{}
0002.HK,75.85,HOLD,20,63.0,0.074,74.73,74.11,89.8,0.86,3.9,3.56,1.24,16.170362,-0.164,-0.037,"['RSI=63.0 中立', 'MACD ゴールデンクロス(買いシグナル)', 'MA 上昇トレンド(買いシグナル)', 'BB上限付近 bb_pct=89.8%(売りシグナル)']",{}
267260.KS,1273000.0,HOLD,10,70.7,22544.117,1080300.0,1006234.16,88.1,2.0,44.17,53.02,0.19,37.90994,0.896,0.426,"['RSI=70.7 買われすぎ(売りシグナル)', 'MACD ゴールデンクロス(買いシグナル)', 'MA 上昇トレンド(買いシグナル)', 'BB上限付近 bb_pct=88.1%(売りシグナル)', '1ヶ月モメンタム +44.2%(強い上昇)']",{}
316140.KS,33550.0,HOLD,-15,46.8,-203.645,34140.0,34116.6,38.1,-4.28,5.01,13.68,0.2,6.734254,0.058,-0.159,"['RSI=46.8 中立', 'MACD デッドクロス(売りシグナル)']",{}
9992.HK,156.8,HOLD,15,40.9,2.062,154.97,191.22,57.0,0.77,5.45,-32.24,0.66,9.669646,2.712,1.741,"['RSI=40.9 中立', 'MACD ゴールデンクロス(買いシグナル)']",{}
010140.KS,32750.0,BUY,40,63.4,413.916,29977.5,28693.0,77.3,-4.8,17.38,19.53,0.16,18.010794,,0.051,"['RSI=63.4 中立', 'MACD ゴールデンクロス(買いシグナル)', 'MA 上昇トレンド(買いシグナル)', '1ヶ月モメンタム +17.4%(強い上昇)']",{}
0020.HK,1.99,HOLD,15,46.4,0.009,1.98,2.15,51.8,-0.5,6.99,-21.65,1.26,-371.04584,,0.307,"['RSI=46.4 中立', 'MACD ゴールデンクロス(買いシグナル)']",{}
2328.HK,14.46,HOLD,0,45.8,0.016,14.47,15.27,48.8,2.92,-0.21,-11.45,0.88,6.274525,0.164,0.049,"['RSI=45.8 中立', 'MACD ゴールデンクロス(買いシグナル)', 'MA 下降トレンド(売りシグナル)']",{}
207940.KS,1471000.0,HOLD,-20,35.8,-8895.402,1555100.0,1596140.0,0.9,-3.73,-5.34,-14.03,0.14,30.349586,,,"['RSI=35.8 中立', 'MACD デッドクロス(売りシグナル)', 'MA 下降トレンド(売りシグナル)', 'BB下限付近 bb_pct=0.9%(買いシグナル)']",{}
0386.HK,4.7,HOLD,15,52.2,0.029,4.59,4.89,95.0,2.84,4.21,-13.76,2.11,9.245048,-0.891,-0.054,"['RSI=52.2 中立', 'MACD ゴールデンクロス(買いシグナル)', 'BB上限付近 bb_pct=95.0%(売りシグナル)', '出来高急増 2.1x(注目)']",{}
329180.KS,686000.0,HOLD,-5,75.3,21058.212,552175.0,552510.6,87.9,2.24,43.07,25.8,0.12,21.681934,0.258,0.296,"['RSI=75.3 買われすぎ(売りシグナル)', 'MACD ゴールデンクロス(買いシグナル)', 'BB上限付近 bb_pct=87.9%(売りシグナル)', '1ヶ月モメンタム +43.1%(強い上昇)']",{}
0175.HK,22.34,HOLD,-15,50.2,-0.507,23.54,19.94,27.0,-5.58,6.08,33.45,1.11,8.563763,-0.043,-0.023,"['RSI=50.2 中立', 'MACD デッドクロス(売りシグナル)']",{}
032830.KS,251500.0,HOLD,10,57.7,-647.067,244250.0,230200.0,65.3,2.86,13.8,40.5,0.14,16.306889,1.872,,"['RSI=57.7 中立', 'MACD デッドクロス(売りシグナル)', 'MA 上昇トレンド(買いシグナル)', '1ヶ月モメンタム +13.8%(強い上昇)']",{}
2020.HK,83.2,HOLD,10,53.8,-0.169,82.47,81.29,56.0,-1.13,11.16,8.05,0.6,13.153554,-0.15,0.124,"['RSI=53.8 中立', 'MACD デッドクロス(売りシグナル)', 'MA 上昇トレンド(買いシグナル)', '1ヶ月モメンタム +11.2%(強い上昇)']",{}
0823.HK,39.36,HOLD,20,67.4,0.077,38.12,37.61,81.1,1.34,9.82,8.25,1.24,15.792705,,0.051,"['RSI=67.4 中立', 'MACD ゴールデンクロス(買いシグナル)', 'MA 上昇トレンド(買いシグナル)', 'BB上限付近 bb_pct=81.1%(売りシグナル)']",{}
1378.HK,34.28,HOLD,-5,42.4,-0.437,36.78,36.71,11.4,-3.27,-4.19,-14.77,1.17,8.338842,-0.231,-0.015,"['RSI=42.4 中立', 'MACD デッドクロス(売りシグナル)', 'BB下限付近 bb_pct=11.4%(買いシグナル)']",{}
1109.HK,32.96,BUY,40,65.4,0.187,30.61,30.55,91.8,2.17,17.13,10.6,1.82,8.518028,-0.117,-0.066,"['RSI=65.4 中立', 'MACD ゴールデンクロス(買いシグナル)', 'MA 上昇トレンド(買いシグナル)', 'BB上限付近 bb_pct=91.8%(売りシグナル)', '1ヶ月モメンタム +17.1%(強い上昇)', '出来高急増 1.8x(注目)']",{}
9868.HK,62.5,HOLD,-20,38.2,-0.551,66.67,69.25,9.2,0.64,-6.51,-16.44,0.99,40.01227,,0.382,"['RSI=38.2 中立', 'MACD デッドクロス(売りシグナル)', 'MA 下降トレンド(売りシグナル)', 'BB下限付近 bb_pct=9.2%(買いシグナル)']",{}
2057.HK,202.0,BUY,30,59.2,0.316,196.6,191.8,77.2,0.7,5.59,16.86,1.1,11.762113,0.142,0.123,"['RSI=59.2 中立', 'MACD ゴールデンクロス(買いシグナル)', 'MA 上昇トレンド(買いシグナル)']",{}
9866.HK,52.5,HOLD,10,58.7,-0.476,50.36,45.34,69.1,3.14,20.47,37.65,1.49,48.627686,,0.759,"['RSI=58.7 中立', 'MACD デッドクロス(売りシグナル)', 'MA 上昇トレンド(買いシグナル)', '1ヶ月モメンタム +20.5%(強い上昇)']",{}
373220.KS,463000.0,BUY,40,59.8,2897.982,435650.0,407180.0,71.8,-3.74,16.19,21.84,0.17,49.255554,,,"['RSI=59.8 中立', 'MACD ゴールデンクロス(買いシグナル)', 'MA 上昇トレンド(買いシグナル)', '1ヶ月モメンタム +16.2%(強い上昇)']",{}
2601.HK,33.8,HOLD,25,54.2,0.056,33.02,34.07,74.6,4.9,6.29,-12.34,1.57,5.705823,,-0.032,"['RSI=54.2 中立', 'MACD ゴールデンクロス(買いシグナル)', '出来高急増 1.6x(注目)']",{}
9633.HK,48.18,HOLD,0,56.8,-0.021,47.31,46.13,74.8,1.82,6.59,-4.02,1.26,23.798136,0.401,0.3,"['RSI=56.8 中立', 'MACD デッドクロス(売りシグナル)', 'MA 上昇トレンド(買いシグナル)']",{}
2423.HK,42.16,HOLD,15,52.4,0.165,40.97,42.43,69.3,2.13,8.08,-12.5,1.04,15.961648,-0.87,-0.287,"['RSI=52.4 中立', 'MACD ゴールデンクロス(買いシグナル)']",{}
033780.KS,177800.0,HOLD,10,70.2,709.218,168675.0,163060.55,81.3,0.91,13.76,17.95,0.09,14.24373,-0.127,0.101,"['RSI=70.2 買われすぎ(売りシグナル)', 'MACD ゴールデンクロス(買いシグナル)', 'MA 上昇トレンド(買いシグナル)', 'BB上限付近 bb_pct=81.3%(売りシグナル)', '1ヶ月モメンタム +13.8%(強い上昇)']",{}
051910.KS,396000.0,BUY,40,63.8,3307.0,363025.0,338466.23,79.0,1.15,30.05,34.42,0.22,16.95102,,,"['RSI=63.8 中立', 'MACD ゴールデンクロス(買いシグナル)', 'MA 上昇トレンド(買いシグナル)', '1ヶ月モメンタム +30.0%(強い上昇)']",{}
042660.KS,130900.0,HOLD,15,51.9,583.987,128610.0,129650.0,61.9,-2.97,2.27,-2.02,0.11,22.306341,0.51,0.021,"['RSI=51.9 中立', 'MACD ゴールデンクロス(買いシグナル)']",{}
1113.HK,49.38,BUY,30,62.8,0.137,47.48,47.05,81.6,2.07,12.79,6.88,0.97,13.329518,-0.101,0.384,"['RSI=62.8 中立', 'MACD ゴールデンクロス(買いシグナル)', 'MA 上昇トレンド(買いシグナル)', 'BB上限付近 bb_pct=81.6%(売りシグナル)', '1ヶ月モメンタム +12.8%(強い上昇)']",{}
086520.KS,159900.0,HOLD,25,56.7,1173.521,151610.0,155021.9,78.6,1.72,12.29,-1.5,0.86,,,,"['RSI=56.7 中立', 'MACD ゴールデンクロス(買いシグナル)', '1ヶ月モメンタム +12.3%(強い上昇)']",{}
035720.KS,47800.0,HOLD,0,45.1,166.617,48040.0,50311.63,45.7,-0.52,5.75,-18.04,0.22,27.456026,,0.09,"['RSI=45.1 中立', 'MACD ゴールデンクロス(買いシグナル)', 'MA 下降トレンド(売りシグナル)']",{}
196170.KS,380000.0,HOLD,5,55.4,2403.349,365825.0,369500.0,91.1,6.29,7.95,-7.99,1.09,,,,"['RSI=55.4 中立', 'MACD ゴールデンクロス(買いシグナル)', 'BB上限付近 bb_pct=91.1%(売りシグナル)']",{}
0006.HK,65.0,BUY,30,61.2,0.084,63.82,62.74,74.1,0.78,5.95,7.17,1.34,19.933699,0.026,-0.099,"['RSI=61.2 中立', 'MACD ゴールデンクロス(買いシグナル)', 'MA 上昇トレンド(買いシグナル)']",{}
2015.HK,69.25,HOLD,-15,46.3,-0.572,71.42,70.15,23.4,-5.33,0.65,1.09,1.25,21.38516,-0.998,-0.35,"['RSI=46.3 中立', 'MACD デッドクロス(売りシグナル)']",{}
010120.KS,283000.0,HOLD,10,88.3,9849.406,197515.0,170088.82,103.0,24.94,84.01,170.09,0.34,65.25782,0.328,0.121,"['RSI=88.3 買われすぎ(売りシグナル)', 'MACD ゴールデンクロス(買いシグナル)', 'MA 上昇トレンド(買いシグナル)', 'BB上限付近 bb_pct=103.0%(売りシグナル)', '1ヶ月モメンタム +84.0%(強い上昇)']",{}
047810.KS,164400.0,HOLD,-5,35.9,-3179.389,183785.0,182333.66,2.5,-4.08,-9.97,3.05,0.23,30.709713,4.126,0.34,"['RSI=35.9 中立', 'MACD デッドクロス(売りシグナル)', 'BB下限付近 bb_pct=2.5%(買いシグナル)']",{}
009540.KS,471000.0,BUY,30,67.4,7049.003,422100.0,412495.69,82.3,-1.05,25.6,19.64,0.09,8.271058,0.265,0.138,"['RSI=67.4 中立', 'MACD ゴールデンクロス(買いシグナル)', 'MA 上昇トレンド(買いシグナル)', 'BB上限付近 bb_pct=82.3%(売りシグナル)', '1ヶ月モメンタム +25.6%(強い上昇)']",{}
006800.KS,67050.0,HOLD,-15,50.5,-396.548,67612.5,66962.28,44.7,0.22,6.26,69.38,0.13,20.130974,2.055,0.793,"['RSI=50.5 中立', 'MACD デッドクロス(売りシグナル)']",{}
000810.KS,462500.0,SELL,-30,47.9,-288.942,467450.0,473909.59,40.9,1.43,4.76,0.03,0.15,8.124014,0.676,0.049,"['RSI=47.9 中立', 'MACD デッドクロス(売りシグナル)', 'MA 下降トレンド(売りシグナル)']",{}
0003.HK,7.34,HOLD,5,55.4,0.018,7.24,7.37,84.4,1.38,3.67,-0.81,0.95,21.937952,0.021,-0.042,"['RSI=55.4 中立', 'MACD ゴールデンクロス(買いシグナル)', 'BB上限付近 bb_pct=84.4%(売りシグナル)']",{}
298040.KS,4007000.0,HOLD,10,81.2,104955.683,3170600.0,2842880.0,96.0,12.81,56.52,75.67,0.24,33.20833,0.922,0.109,"['RSI=81.2 買われすぎ(売りシグナル)', 'MACD ゴールデンクロス(買いシグナル)', 'MA 上昇トレンド(買いシグナル)', 'BB上限付近 bb_pct=96.0%(売りシグナル)', '1ヶ月モメンタム +56.5%(強い上昇)']",{}
0992.HK,11.86,HOLD,10,70.9,0.111,10.72,9.92,80.1,1.89,28.49,30.76,0.75,10.575208,-0.271,0.181,"['RSI=70.9 買われすぎ(売りシグナル)', 'MACD ゴールデンクロス(買いシグナル)', 'MA 上昇トレンド(買いシグナル)', 'BB上限付近 bb_pct=80.1%(売りシグナル)', '1ヶ月モメンタム +28.5%(強い上昇)']",{}
064350.KS,267000.0,HOLD,10,75.9,5094.057,223175.0,210569.95,110.3,14.59,27.14,24.88,0.34,20.687632,,0.239,"['RSI=75.9 買われすぎ(売りシグナル)', 'MACD ゴールデンクロス(買いシグナル)', 'MA 上昇トレンド(買いシグナル)', 'BB上限付近 bb_pct=110.3%(売りシグナル)', '1ヶ月モメンタム +27.1%(強い上昇)']",{}
042700.KS,367500.0,HOLD,10,71.0,8711.035,299100.0,287545.91,97.5,24.37,41.35,97.03,0.3,69.233505,-0.482,-0.445,"['RSI=71.0 買われすぎ(売りシグナル)', 'MACD ゴールデンクロス(買いシグナル)', 'MA 上昇トレンド(買いシグナル)', 'BB上限付近 bb_pct=97.5%(売りシグナル)', '1ヶ月モメンタム +41.3%(強い上昇)']",{}
1347.HK,108.1,BUY,30,61.6,2.547,93.76,92.86,85.3,15.18,32.64,-11.9,1.41,87.39282,,0.224,"['RSI=61.6 中立', 'MACD ゴールデンクロス(買いシグナル)', 'MA 上昇トレンド(買いシグナル)', 'BB上限付近 bb_pct=85.3%(売りシグナル)', '1ヶ月モメンタム +32.6%(強い上昇)']",{}
1093.HK,8.36,HOLD,-20,38.6,-0.071,9.08,9.24,-3.6,-6.28,-9.91,-20.76,1.01,13.176144,-0.317,-0.033,"['RSI=38.6 中立', 'MACD デッドクロス(売りシグナル)', 'MA 下降トレンド(売りシグナル)', 'BB下限付近 bb_pct=-3.6%(買いシグナル)']",{}
0288.HK,9.96,HOLD,-15,40.6,-0.08,10.54,10.08,-22.0,-6.13,-2.35,8.62,2.84,10.002477,-0.061,0.073,"['RSI=40.6 中立', 'MACD デッドクロス(売りシグナル)', 'BB下限付近 bb_pct=-22.0%(買いシグナル)', '出来高急増 2.8x(注目)']",{}
3993.HK,18.27,HOLD,10,45.8,0.02,18.39,19.84,46.9,-2.61,12.15,-24.32,0.7,10.325389,1.0,0.443,"['RSI=45.8 中立', 'MACD ゴールデンクロス(買いシグナル)', 'MA 下降トレンド(売りシグナル)', '1ヶ月モメンタム +12.2%(強い上昇)']",{}
066570.KS,147600.0,HOLD,20,70.9,2156.703,123975.0,120379.2,107.7,15.76,36.29,53.96,2.36,11.329902,,0.048,"['RSI=70.9 買われすぎ(売りシグナル)', 'MACD ゴールデンクロス(買いシグナル)', 'MA 上昇トレンド(買いシグナル)', 'BB上限付近 bb_pct=107.7%(売りシグナル)', '1ヶ月モメンタム +36.3%(強い上昇)', '出来高急増 2.4x(注目)']",{}
9926.HK,136.2,HOLD,-15,52.5,-1.987,139.6,122.06,36.7,4.45,2.33,20.64,0.44,57.540047,,0.496,"['RSI=52.5 中立', 'MACD デッドクロス(売りシグナル)']",{}
000720.KS,161400.0,HOLD,-15,46.3,-2449.793,171685.0,159139.85,23.7,-6.71,6.82,64.22,0.28,24.285936,,0.112,"['RSI=46.3 中立', 'MACD デッドクロス(売りシグナル)']",{}
0027.HK,33.44,HOLD,-20,38.2,-0.037,34.64,37.14,17.4,-1.01,-3.46,-20.76,0.93,12.033754,0.242,0.183,"['RSI=38.2 中立', 'MACD デッドクロス(売りシグナル)', 'MA 下降トレンド(売りシグナル)', 'BB下限付近 bb_pct=17.4%(買いシグナル)']",{}
0998.HK,8.26,HOLD,-10,64.1,-0.011,8.09,7.63,74.3,-0.24,5.09,13.15,2.01,5.497997,0.16,0.035,"['RSI=64.1 中立', 'MACD デッドクロス(売りシグナル)', 'MA 上昇トレンド(買いシグナル)', '出来高急増 2.0x(注目)']",{}
600036.SS,38.5,HOLD,-15,38.2,-0.082,39.48,39.35,-15.7,-3.29,-3.31,1.05,3.51,6.2000575,0.016,-0.012,"['RSI=38.2 中立', 'MACD デッドクロス(売りシグナル)', 'BB下限付近 bb_pct=-15.7%(買いシグナル)', '出来高急増 3.5x(注目)']",{}
6690.HK,22.2,HOLD,5,52.9,0.276,20.99,23.66,126.6,7.56,7.25,-13.48,1.22,8.381977,-0.153,-0.069,"['RSI=52.9 中立', 'MACD ゴールデンクロス(買いシグナル)', 'BB上限付近 bb_pct=126.6%(売りシグナル)']",{}
1171.HK,16.16,HOLD,5,63.4,0.119,14.69,14.82,117.2,6.04,5.35,40.28,1.49,12.451309,-0.418,0.055,"['RSI=63.4 中立', 'MACD ゴールデンクロス(買いシグナル)', 'BB上限付近 bb_pct=117.2%(売りシグナル)']",{}
015760.KS,44000.0,HOLD,0,43.1,248.99,44182.5,47801.0,47.8,-4.76,9.18,-23.21,0.28,2.610568,0.303,0.007,"['RSI=43.1 中立', 'MACD ゴールデンクロス(買いシグナル)', 'MA 下降トレンド(売りシグナル)']",{}
272210.KS,116500.0,SELL,-30,38.2,-1949.471,129530.0,130509.75,-10.8,-10.66,-13.96,25.86,0.22,55.644005,-0.967,0.498,"['RSI=38.2 中立', 'MACD デッドクロス(売りシグナル)', 'MA 下降トレンド(売りシグナル)', 'BB下限付近 bb_pct=-10.8%(買いシグナル)', '1ヶ月モメンタム -14.0%(強い下落)']",{}
2338.HK,36.12,BUY,30,69.3,0.443,32.27,30.87,87.4,2.15,27.09,34.78,0.58,15.192509,-0.316,0.14,"['RSI=69.3 中立', 'MACD ゴールデンクロス(買いシグナル)', 'MA 上昇トレンド(買いシグナル)', 'BB上限付近 bb_pct=87.4%(売りシグナル)', '1ヶ月モメンタム +27.1%(強い上昇)']",{}
034730.KS,434500.0,HOLD,10,75.7,6656.85,371000.0,355537.08,94.9,9.03,39.04,48.04,0.23,7.0682716,,0.012,"['RSI=75.7 買われすぎ(売りシグナル)', 'MACD ゴールデンクロス(買いシグナル)', 'MA 上昇トレンド(買いシグナル)', 'BB上限付近 bb_pct=94.9%(売りシグナル)', '1ヶ月モメンタム +39.0%(強い上昇)']",{}
9901.HK,42.36,SELL,-30,45.1,-0.372,43.97,43.98,26.4,0.95,-1.35,-5.23,0.84,13.0088825,0.6,0.198,"['RSI=45.1 中立', 'MACD デッドクロス(売りシグナル)', 'MA 下降トレンド(売りシグナル)']",{}
3328.HK,7.35,BUY,30,64.5,0.009,7.2,7.0,84.3,0.27,4.7,8.25,1.92,5.846553,-0.144,-0.043,"['RSI=64.5 中立', 'MACD ゴールデンクロス(買いシグナル)', 'MA 上昇トレンド(買いシグナル)', 'BB上限付近 bb_pct=84.3%(売りシグナル)', '出来高急増 1.9x(注目)']",{}
138040.KS,113500.0,SELL,-30,46.2,-249.281,115380.0,116914.0,28.7,-0.87,1.07,-3.32,0.11,6.4411116,-0.037,-0.007,"['RSI=46.2 中立', 'MACD デッドクロス(売りシグナル)', 'MA 下降トレンド(売りシグナル)']",{}
1177.HK,5.46,HOLD,-20,36.4,-0.046,5.88,6.04,7.7,-2.33,-6.67,-20.06,0.69,17.818363,,0.098,"['RSI=36.4 中立', 'MACD デッドクロス(売りシグナル)', 'MA 下降トレンド(売りシグナル)', 'BB下限付近 bb_pct=7.7%(買いシグナル)']",{}
600900.SS,26.77,HOLD,15,49.9,0.018,26.68,26.8,60.7,-0.67,-0.41,4.06,1.13,17.455433,0.336,0.109,"['RSI=49.9 中立', 'MACD ゴールデンクロス(買いシグナル)']",{}
0066.HK,34.18,HOLD,15,53.4,0.109,33.64,34.36,65.6,-0.93,6.41,-1.16,1.16,21.011734,-0.286,-0.086,"['RSI=53.4 中立', 'MACD ゴールデンクロス(買いシグナル)']",{}
2319.HK,16.7,HOLD,-15,51.0,-0.048,16.9,16.5,36.7,2.58,-3.69,2.52,0.75,10.393015,,-0.076,"['RSI=51.0 中立', 'MACD デッドクロス(売りシグナル)']",{}
6618.HK,46.56,SELL,-30,43.6,-0.124,48.07,50.83,30.4,0.52,-2.72,-28.81,1.15,16.560825,0.298,0.28,"['RSI=43.6 中立', 'MACD デッドクロス(売りシグナル)', 'MA 下降トレンド(売りシグナル)']",{}
267250.KS,318000.0,HOLD,-5,73.3,6294.411,263900.0,267230.0,115.1,10.42,29.8,42.6,0.55,14.723116,1.209,0.096,"['RSI=73.3 買われすぎ(売りシグナル)', 'MACD ゴールデンクロス(買いシグナル)', 'BB上限付近 bb_pct=115.1%(売りシグナル)', '1ヶ月モメンタム +29.8%(強い上昇)']",{}
601318.SS,59.43,HOLD,15,54.0,0.231,58.16,60.26,94.6,2.68,2.15,-9.0,2.44,6.8003545,-0.74,-0.11,"['RSI=54.0 中立', 'MACD ゴールデンクロス(買いシグナル)', 'BB上限付近 bb_pct=94.6%(売りシグナル)', '出来高急増 2.4x(注目)']",{}
601901.SS,7.15,HOLD,5,54.2,0.025,7.01,7.22,82.8,2.0,3.92,-10.29,1.16,21.666666,-0.309,-0.396,"['RSI=54.2 中立', 'MACD ゴールデンクロス(買いシグナル)', 'BB上限付近 bb_pct=82.8%(売りシグナル)']",{}
1308.HK,33.26,HOLD,-15,52.6,-0.256,33.36,32.7,47.6,5.12,0.15,16.86,1.3,11.450219,-0.12,-0.006,"['RSI=52.6 中立', 'MACD デッドクロス(売りシグナル)']",{}
071050.KS,246500.0,HOLD,-5,51.6,-1040.547,246925.0,238473.32,49.3,-4.83,16.27,27.48,0.17,6.887049,3.817,-0.032,"['RSI=51.6 中立', 'MACD デッドクロス(売りシグナル)', '1ヶ月モメンタム +16.3%(強い上昇)']",{}
1816.HK,3.44,BUY,30,52.5,0.001,3.42,3.35,55.9,0.29,-3.64,7.5,1.13,13.129771,-0.133,-0.185,"['RSI=52.5 中立', 'MACD ゴールデンクロス(買いシグナル)', 'MA 上昇トレンド(買いシグナル)']",{}
079550.KS,941000.0,HOLD,0,57.7,-5915.106,913000.0,763426.95,63.1,-4.85,9.42,108.1,0.12,39.50922,-0.934,0.203,"['RSI=57.7 中立', 'MACD デッドクロス(売りシグナル)', 'MA 上昇トレンド(買いシグナル)']",{}
2688.HK,62.8,HOLD,0,42.7,0.047,63.48,65.89,34.6,-0.32,-0.79,-8.32,0.73,8.755845,0.019,0.017,"['RSI=42.7 中立', 'MACD ゴールデンクロス(買いシグナル)', 'MA 下降トレンド(売りシグナル)']",{}
1339.HK,5.29,HOLD,-10,39.4,0.013,5.42,5.96,22.4,-1.31,-4.34,-21.86,1.78,4.0562477,,-0.017,"['RSI=39.4 中立', 'MACD ゴールデンクロス(買いシグナル)', 'MA 下降トレンド(売りシグナル)', '出来高急増 1.8x(注目)']",{}
003550.KS,100100.0,BUY,30,65.0,648.339,93595.0,92021.09,95.6,4.27,15.72,16.63,0.42,9.795919,,-0.146,"['RSI=65.0 中立', 'MACD ゴールデンクロス(買いシグナル)', 'MA 上昇トレンド(買いシグナル)', 'BB上限付近 bb_pct=95.6%(売りシグナル)', '1ヶ月モメンタム +15.7%(強い上昇)']",{}
600030.SS,27.32,HOLD,15,66.1,0.211,25.78,25.96,85.6,3.17,11.46,-0.92,1.03,11.878261,0.558,0.44,"['RSI=66.1 中立', 'MACD ゴールデンクロス(買いシグナル)', 'BB上限付近 bb_pct=85.6%(売りシグナル)', '1ヶ月モメンタム +11.5%(強い上昇)']",{}
247540.KS,212500.0,BUY,30,55.6,423.598,205735.0,202096.72,74.5,3.41,7.92,-8.36,1.14,,,,"['RSI=55.6 中立', 'MACD ゴールデンクロス(買いシグナル)', 'MA 上昇トレンド(買いシグナル)']",{}
1658.HK,5.24,HOLD,20,62.9,0.022,5.07,5.02,81.0,-0.38,6.29,1.55,0.96,6.1846538,-0.309,0.028,"['RSI=62.9 中立', 'MACD ゴールデンクロス(買いシグナル)', 'MA 上昇トレンド(買いシグナル)', 'BB上限付近 bb_pct=81.0%(売りシグナル)']",{}
2359.HK,136.0,BUY,40,65.8,0.986,124.64,117.55,95.2,12.31,20.77,21.3,2.01,16.37383,0.234,0.288,"['RSI=65.8 中立', 'MACD ゴールデンクロス(買いシグナル)', 'MA 上昇トレンド(買いシグナル)', 'BB上限付近 bb_pct=95.2%(売りシグナル)', '1ヶ月モメンタム +20.8%(強い上昇)', '出来高急増 2.0x(注目)']",{}
3750.HK,627.5,HOLD,-25,45.6,-10.154,664.2,602.6,25.5,-10.68,0.54,33.66,1.74,21.39479,0.44,0.524,"['RSI=45.6 中立', 'MACD デッドクロス(売りシグナル)', '出来高急増 1.7x(注目)']",{}
9626.HK,172.2,SELL,-30,38.0,-1.003,182.68,199.56,21.9,-3.04,-0.52,-38.72,0.73,15.799731,4.358,0.076,"['RSI=38.0 中立', 'MACD デッドクロス(売りシグナル)', 'MA 下降トレンド(売りシグナル)']",{}
2331.HK,20.44,HOLD,-15,44.9,-0.176,21.23,21.16,26.8,3.02,-2.67,0.99,0.68,13.226929,0.129,0.031,"['RSI=44.9 中立', 'MACD デッドクロス(売りシグナル)']",{}
0788.HK,11.22,HOLD,5,58.0,0.032,10.98,11.04,81.1,0.09,5.55,-2.09,1.02,9.784246,,0.015,"['RSI=58.0 中立', 'MACD ゴールデンクロス(買いシグナル)', 'BB上限付近 bb_pct=81.1%(売りシグナル)']",{}
2600.HK,11.88,SELL,-30,46.7,-0.03,12.14,12.61,37.1,2.77,2.41,-21.12,0.72,7.8773,0.56,0.048,"['RSI=46.7 中立', 'MACD デッドクロス(売りシグナル)', 'MA 下降トレンド(売りシグナル)']",{}
278470.KS,434000.0,BUY,40,62.9,1535.334,402250.0,351306.6,68.4,-3.56,32.72,59.12,0.26,24.535591,1.406,1.242,"['RSI=62.9 中立', 'MACD ゴールデンクロス(買いシグナル)', 'MA 上昇トレンド(買いシグナル)', '1ヶ月モメンタム +32.7%(強い上昇)']",{}
9698.HK,41.48,SELL,-30,47.4,-0.041,41.89,41.93,43.4,-2.9,2.57,-9.83,0.77,235.61633,,0.086,"['RSI=47.4 中立', 'MACD デッドクロス(売りシグナル)', 'MA 下降トレンド(売りシグナル)']",{}
0688.HK,13.35,HOLD,25,64.7,0.121,12.25,12.94,113.5,6.46,14.3,-3.19,2.67,9.839183,-0.231,-0.136,"['RSI=64.7 中立', 'MACD ゴールデンクロス(買いシグナル)', 'BB上限付近 bb_pct=113.5%(売りシグナル)', '1ヶ月モメンタム +14.3%(強い上昇)', '出来高急増 2.7x(注目)']",{}
0267.HK,13.1,BUY,50,68.0,0.016,12.63,12.18,77.1,1.0,11.02,3.97,1.85,5.20186,-0.25,-0.018,"['RSI=68.0 中立', 'MACD ゴールデンクロス(買いシグナル)', 'MA 上昇トレンド(買いシグナル)', '1ヶ月モメンタム +11.0%(強い上昇)', '出来高急増 1.8x(注目)']",{}
0358.HK,38.7,HOLD,15,52.5,0.139,37.42,39.57,70.9,4.26,8.89,-22.29,1.22,8.961887,0.439,0.247,"['RSI=52.5 中立', 'MACD ゴールデンクロス(買いシグナル)']",{}
601899.SS,34.14,SELL,-30,48.6,-0.005,34.18,35.35,48.8,-0.76,-0.03,-15.93,1.17,10.889952,0.957,0.248,"['RSI=48.6 中立', 'MACD デッドクロス(売りシグナル)', 'MA 下降トレンド(売りシグナル)']",{}
3692.HK,36.86,HOLD,-5,47.4,-0.302,38.33,35.63,27.6,-4.85,11.43,-5.63,0.47,29.60179,0.458,0.32,"['RSI=47.4 中立', 'MACD デッドクロス(売りシグナル)', '1ヶ月モメンタム +11.4%(強い上昇)']",{}
086280.KS,234500.0,HOLD,25,55.4,1884.909,223600.0,230035.16,78.9,5.39,11.67,-2.23,0.18,9.575923,,0.082,"['RSI=55.4 中立', 'MACD ゴールデンクロス(買いシグナル)', '1ヶ月モメンタム +11.7%(強い上昇)']",{}
601138.SS,66.26,BUY,40,65.3,0.868,59.77,55.72,79.7,-2.44,24.27,8.68,1.37,18.589748,0.586,0.73,"['RSI=65.3 中立', 'MACD ゴールデンクロス(買いシグナル)', 'MA 上昇トレンド(買いシグナル)', '1ヶ月モメンタム +24.3%(強い上昇)']",{}
2313.HK,48.34,HOLD,15,41.0,0.383,48.19,54.35,54.5,0.04,0.62,-23.27,0.59,9.453901,-0.2,0.022,"['RSI=41.0 中立', 'MACD ゴールデンクロス(買いシグナル)']",{}
000150.KS,1582000.0,HOLD,10,72.6,19109.618,1361050.0,1210790.17,83.5,2.66,47.71,90.83,0.41,46.42502,,0.094,"['RSI=72.6 買われすぎ(売りシグナル)', 'MACD ゴールデンクロス(買いシグナル)', 'MA 上昇トレンド(買いシグナル)', 'BB上限付近 bb_pct=83.5%(売りシグナル)', '1ヶ月モメンタム +47.7%(強い上昇)']",{}
1336.HK,50.6,HOLD,15,53.4,0.383,48.4,51.63,84.8,3.77,11.31,-19.94,0.93,4.9116907,-0.382,-0.141,"['RSI=53.4 中立', 'MACD ゴールデンクロス(買いシグナル)', 'BB上限付近 bb_pct=84.8%(売りシグナル)', '1ヶ月モメンタム +11.3%(強い上昇)']",{}
0291.HK,26.18,HOLD,-15,51.8,-0.044,26.17,26.17,50.7,1.24,3.31,1.16,1.1,11.693869,,-0.057,"['RSI=51.8 中立', 'MACD デッドクロス(売りシグナル)']",{}
1530.HK,22.22,HOLD,-5,44.5,-0.294,23.74,22.77,17.0,0.36,-8.48,-8.41,0.33,14.4302635,6.117,1.827,"['RSI=44.5 中立', 'MACD デッドクロス(売りシグナル)', 'BB下限付近 bb_pct=17.0%(買いシグナル)']",{}
352820.KS,270000.0,HOLD,5,48.9,4291.91,256100.0,309652.56,93.6,7.14,0.0,-24.26,0.91,26.576775,,-0.014,"['RSI=48.9 中立', 'MACD ゴールデンクロス(買いシグナル)', 'BB上限付近 bb_pct=93.6%(売りシグナル)']",{}
2382.HK,63.85,HOLD,10,56.4,-0.001,62.0,58.43,63.0,0.87,20.47,0.08,0.84,12.681839,0.838,0.213,"['RSI=56.4 中立', 'MACD デッドクロス(売りシグナル)', 'MA 上昇トレンド(買いシグナル)', '1ヶ月モメンタム +20.5%(強い上昇)']",{}
601288.SS,6.94,BUY,30,53.7,0.001,6.89,6.72,57.2,-1.28,3.74,0.73,0.98,8.167493,-0.016,0.021,"['RSI=53.7 中立', 'MACD ゴールデンクロス(買いシグナル)', 'MA 上昇トレンド(買いシグナル)']",{}
1818.HK,29.4,HOLD,-20,41.1,-0.339,31.66,31.75,18.3,0.41,-7.84,-27.87,1.06,11.655834,0.882,0.467,"['RSI=41.1 中立', 'MACD デッドクロス(売りシグナル)', 'MA 下降トレンド(売りシグナル)', 'BB下限付近 bb_pct=18.3%(買いシグナル)']",{}
1928.HK,16.34,HOLD,-20,40.7,-0.098,16.96,17.25,16.3,-2.91,-0.06,-13.27,1.4,12.529002,-0.041,0.12,"['RSI=40.7 中立', 'MACD デッドクロス(売りシグナル)', 'MA 下降トレンド(売りシグナル)', 'BB下限付近 bb_pct=16.3%(買いシグナル)']",{}
1997.HK,24.36,HOLD,25,54.3,0.154,23.57,24.84,75.3,1.5,10.16,-9.55,1.33,11.1558895,,-0.0,"['RSI=54.3 中立', 'MACD ゴールデンクロス(買いシグナル)', '1ヶ月モメンタム +10.2%(強い上昇)']",{}
1038.HK,66.2,BUY,30,56.0,0.143,65.26,64.86,69.2,0.15,5.5,3.28,1.36,17.666855,0.03,-0.121,"['RSI=56.0 中立', 'MACD ゴールデンクロス(買いシグナル)', 'MA 上昇トレンド(買いシグナル)']",{}
1919.HK,14.68,SELL,-30,45.3,-0.051,14.93,15.1,31.0,0.75,-3.8,6.15,0.58,10.67411,-0.646,-0.122,"['RSI=45.3 中立', 'MACD デッドクロス(売りシグナル)', 'MA 下降トレンド(売りシグナル)']",{}
003670.KS,253000.0,BUY,40,62.1,2516.273,233125.0,220086.31,75.9,0.4,19.62,16.46,0.3,230.24922,,-0.229,"['RSI=62.1 中立', 'MACD ゴールデンクロス(買いシグナル)', 'MA 上昇トレンド(買いシグナル)', '1ヶ月モメンタム +19.6%(強い上昇)']",{}
3606.HK,61.05,SELL,-30,47.3,-0.08,61.65,61.65,39.5,-1.61,6.08,-9.29,0.78,11.556837,-0.154,0.051,"['RSI=47.3 中立', 'MACD デッドクロス(売りシグナル)', 'MA 下降トレンド(売りシグナル)']",{}
0083.HK,12.65,BUY,30,66.0,0.085,11.96,11.93,99.1,1.04,10.48,10.28,0.87,24.75635,-0.203,0.345,"['RSI=66.0 中立', 'MACD ゴールデンクロス(買いシグナル)', 'MA 上昇トレンド(買いシグナル)', 'BB上限付近 bb_pct=99.1%(売りシグナル)', '1ヶ月モメンタム +10.5%(強い上昇)']",{}
0836.HK,19.59,BUY,30,59.7,0.053,19.07,18.84,79.8,-0.71,4.37,8.17,0.86,7.0297194,0.25,-0.045,"['RSI=59.7 中立', 'MACD ゴールデンクロス(買いシグナル)', 'MA 上昇トレンド(買いシグナル)']",{}
028300.KS,63000.0,HOLD,10,61.5,-11.739,59135.0,54254.0,69.8,5.18,23.53,13.51,0.39,,,,"['RSI=61.5 中立', 'MACD デッドクロス(売りシグナル)', 'MA 上昇トレンド(買いシグナル)', '1ヶ月モメンタム +23.5%(強い上昇)']",{}
1208.HK,8.7,HOLD,25,52.1,0.077,8.4,8.83,64.5,-5.43,16.31,-22.04,0.54,9.552557,0.195,0.328,"['RSI=52.1 中立', 'MACD ゴールデンクロス(買いシグナル)', '1ヶ月モメンタム +16.3%(強い上昇)']",{}
0012.HK,30.82,HOLD,15,52.2,0.123,30.16,31.61,77.7,1.45,5.91,-1.6,0.85,17.096104,-0.161,0.2,"['RSI=52.2 中立', 'MACD ゴールデンクロス(買いシグナル)']",{}
6823.HK,12.72,HOLD,20,65.3,0.021,12.44,12.31,87.5,0.71,5.12,9.28,1.12,17.666666,0.044,0.063,"['RSI=65.3 中立', 'MACD ゴールデンクロス(買いシグナル)', 'MA 上昇トレンド(買いシグナル)', 'BB上限付近 bb_pct=87.5%(売りシグナル)']",{}
0300.HK,89.15,HOLD,25,57.2,0.197,86.82,86.92,69.6,-0.45,13.64,5.75,1.03,11.746755,-0.121,0.059,"['RSI=57.2 中立', 'MACD ゴールデンクロス(買いシグナル)', '1ヶ月モメンタム +13.6%(強い上昇)']",{}
6030.HK,28.26,HOLD,15,64.8,0.211,26.3,26.39,86.5,5.21,18.64,-2.55,0.83,9.007659,0.558,0.44,"['RSI=64.8 中立', 'MACD ゴールデンクロス(買いシグナル)', 'BB上限付近 bb_pct=86.5%(売りシグナル)', '1ヶ月モメンタム +18.6%(強い上昇)']",{}
005387.KS,254500.0,HOLD,15,52.1,1961.978,246800.0,258996.91,74.2,3.88,6.93,-0.32,0.15,,,,"['RSI=52.1 中立', 'MACD ゴールデンクロス(買いシグナル)']",{}
096770.KS,145400.0,BUY,30,69.0,1804.654,128580.0,122384.0,101.9,9.41,23.01,36.01,0.49,25.786701,,,"['RSI=69.0 中立', 'MACD ゴールデンクロス(買いシグナル)', 'MA 上昇トレンド(買いシグナル)', 'BB上限付近 bb_pct=101.9%(売りシグナル)', '1ヶ月モメンタム +23.0%(強い上昇)']",{}
1898.HK,14.67,HOLD,20,64.2,0.112,13.55,13.5,114.4,6.3,5.54,29.25,0.71,9.615775,-0.033,-0.109,"['RSI=64.2 中立', 'MACD ゴールデンクロス(買いシグナル)', 'MA 上昇トレンド(買いシグナル)', 'BB上限付近 bb_pct=114.4%(売りシグナル)']",{}
0135.HK,7.65,HOLD,15,49.2,0.048,7.47,7.96,76.9,-1.03,4.37,-4.61,0.58,9.1267,-0.177,0.025,"['RSI=49.2 中立', 'MACD ゴールデンクロス(買いシグナル)']",{}
9660.HK,7.27,HOLD,15,47.2,0.033,7.24,7.59,52.1,-2.55,6.91,-18.5,0.77,-145.08083,,0.512,"['RSI=47.2 中立', 'MACD ゴールデンクロス(買いシグナル)']",{}
688256.SS,1416.63,HOLD,10,73.4,13.191,1250.65,1152.74,84.2,7.08,34.74,8.9,1.03,62.961334,0.617,0.91,"['RSI=73.4 買われすぎ(売りシグナル)', 'MACD ゴールデンクロス(買いシグナル)', 'MA 上昇トレンド(買いシグナル)', 'BB上限付近 bb_pct=84.2%(売りシグナル)', '1ヶ月モメンタム +34.7%(強い上昇)']",{}
600999.SS,15.67,HOLD,15,49.5,0.013,15.66,15.91,51.5,1.36,-0.57,-7.44,1.42,9.005747,0.016,-0.023,"['RSI=49.5 中立', 'MACD ゴールデンクロス(買いシグナル)']",{}
688041.SS,278.77,BUY,40,63.9,4.673,249.85,242.08,79.3,5.84,26.54,3.0,1.22,110.62301,0.364,0.681,"['RSI=63.9 中立', 'MACD ゴールデンクロス(買いシグナル)', 'MA 上昇トレンド(買いシグナル)', '1ヶ月モメンタム +26.5%(強い上昇)']",{}
6881.HK,8.82,HOLD,5,52.4,0.057,8.5,9.1,82.6,4.75,0.46,-15.76,1.16,5.2143188,-0.885,-0.209,"['RSI=52.4 中立', 'MACD ゴールデンクロス(買いシグナル)', 'BB上限付近 bb_pct=82.6%(売りシグナル)']",{}
017670.KS,96500.0,HOLD,10,60.1,-579.1,94100.0,84582.0,59.7,-3.5,19.28,39.65,0.2,16.1375,-0.653,-0.041,"['RSI=60.1 中立', 'MACD デッドクロス(売りシグナル)', 'MA 上昇トレンド(買いシグナル)', '1ヶ月モメンタム +19.3%(強い上昇)']",{}
0966.HK,22.38,HOLD,-5,54.3,-0.005,21.74,22.14,70.5,8.85,11.9,-11.19,0.93,5.737946,9.391,0.364,"['RSI=54.3 中立', 'MACD デッドクロス(売りシグナル)', '1ヶ月モメンタム +11.9%(強い上昇)']",{}
2259.HK,157.8,SELL,-30,36.5,-1.675,173.85,192.42,12.2,-1.44,-11.35,-37.68,1.33,13.81596,,1.378,"['RSI=36.5 中立', 'MACD デッドクロス(売りシグナル)', 'MA 下降トレンド(売りシグナル)', 'BB下限付近 bb_pct=12.2%(買いシグナル)', '1ヶ月モメンタム -11.3%(強い下落)']",{}
0019.HK,84.7,HOLD,-15,52.0,-0.393,85.28,82.71,39.2,0.12,2.22,15.87,0.83,9.359157,17.93,0.054,"['RSI=52.0 中立', 'MACD デッドクロス(売りシグナル)']",{}
3908.HK,20.86,HOLD,15,67.0,0.205,19.22,19.31,82.9,0.87,19.82,-2.16,0.88,7.496016,-0.385,0.316,"['RSI=67.0 中立', 'MACD ゴールデンクロス(買いシグナル)', 'BB上限付近 bb_pct=82.9%(売りシグナル)', '1ヶ月モメンタム +19.8%(強い上昇)']",{}
2333.HK,11.86,HOLD,-5,34.5,-0.167,12.99,12.91,3.4,-8.42,0.08,-11.69,0.88,6.066012,-0.476,0.127,"['RSI=34.5 中立', 'MACD デッドクロス(売りシグナル)', 'BB下限付近 bb_pct=3.4%(買いシグナル)']",{}
259960.KS,274000.0,BUY,40,61.8,2504.488,254850.0,246648.86,78.7,-0.18,12.53,10.97,0.22,11.332022,,0.489,"['RSI=61.8 中立', 'MACD ゴールデンクロス(買いシグナル)', 'MA 上昇トレンド(買いシグナル)', '1ヶ月モメンタム +12.5%(強い上昇)']",{}
600406.SS,26.62,HOLD,15,48.7,0.01,26.46,27.34,58.8,-1.22,0.76,4.89,1.16,20.026634,0.091,0.167,"['RSI=48.7 中立', 'MACD ゴールデンクロス(買いシグナル)']",{}
0902.HK,6.41,HOLD,20,65.8,0.018,6.17,6.02,85.6,1.1,7.73,10.52,1.47,7.6309557,,-0.079,"['RSI=65.8 中立', 'MACD ゴールデンクロス(買いシグナル)', 'MA 上昇トレンド(買いシグナル)', 'BB上限付近 bb_pct=85.6%(売りシグナル)']",{}
6886.HK,16.55,HOLD,5,57.9,0.085,15.86,16.26,86.4,3.44,7.75,-12.15,1.02,6.4128757,0.353,0.102,"['RSI=57.9 中立', 'MACD ゴールデンクロス(買いシグナル)', 'BB上限付近 bb_pct=86.4%(売りシグナル)']",{}
3808.HK,40.26,HOLD,-15,46.7,-0.532,42.36,40.59,22.8,-4.82,-1.23,9.28,0.4,10.558658,0.395,0.269,"['RSI=46.7 中立', 'MACD デッドクロス(売りシグナル)']",{}
0241.HK,4.47,HOLD,10,37.9,0.012,4.63,5.06,17.1,-1.97,-4.69,-34.65,0.7,22.125534,0.636,0.17,"['RSI=37.9 中立', 'MACD ゴールデンクロス(買いシグナル)', 'MA 下降トレンド(売りシグナル)', 'BB下限付近 bb_pct=17.1%(買いシグナル)']",{}
1787.HK,29.7,HOLD,-20,35.0,-0.168,32.49,35.77,10.7,-2.3,-9.34,-41.99,0.97,12.197208,-0.412,0.322,"['RSI=35.0 中立', 'MACD デッドクロス(売りシグナル)', 'MA 下降トレンド(売りシグナル)', 'BB下限付近 bb_pct=10.7%(買いシグナル)']",{}
601328.SS,6.95,HOLD,0,52.1,-0.004,6.95,6.85,50.5,-0.57,-0.86,5.14,1.12,6.4820595,-0.144,-0.043,"['RSI=52.1 中立', 'MACD デッドクロス(売りシグナル)', 'MA 上昇トレンド(買いシグナル)']",{}
2099.HK,174.9,HOLD,-5,51.1,-0.283,173.48,175.81,53.4,1.8,12.27,-24.34,0.66,9.809622,0.866,0.311,"['RSI=51.1 中立', 'MACD デッドクロス(売りシグナル)', '1ヶ月モメンタム +12.3%(強い上昇)']",{}
603993.SS,19.19,HOLD,15,48.4,0.016,19.15,20.06,51.1,-0.88,5.21,-21.61,0.91,12.424089,1.0,0.443,"['RSI=48.4 中立', 'MACD ゴールデンクロス(買いシグナル)']",{}
005830.KS,170100.0,HOLD,15,49.7,195.791,169130.0,173756.21,55.6,-2.8,5.0,25.63,0.13,5.8514366,1.006,0.106,"['RSI=49.7 中立', 'MACD ゴールデンクロス(買いシグナル)']",{}
6862.HK,14.36,SELL,-30,42.8,-0.013,14.7,15.77,25.4,-2.31,-1.03,-7.47,0.66,13.747773,-0.136,0.059,"['RSI=42.8 中立', 'MACD デッドクロス(売りシグナル)', 'MA 下降トレンド(売りシグナル)']",{}
601211.SS,16.12,HOLD,-20,31.6,-0.018,16.72,17.61,5.3,-3.99,-4.62,-18.54,1.06,9.8266325,-0.69,0.641,"['RSI=31.6 中立', 'MACD デッドクロス(売りシグナル)', 'MA 下降トレンド(売りシグナル)', 'BB下限付近 bb_pct=5.3%(買いシグナル)']",{}
0268.HK,8.44,HOLD,0,42.2,0.02,8.66,9.35,34.9,-5.17,-0.71,-40.48,0.83,34.75092,1.518,0.126,"['RSI=42.2 中立', 'MACD ゴールデンクロス(買いシグナル)', 'MA 下降トレンド(売りシグナル)']",{}
601995.SS,34.43,HOLD,5,61.3,0.145,33.43,33.76,84.2,0.76,5.35,-1.12,1.15,13.419444,-0.385,0.316,"['RSI=61.3 中立', 'MACD ゴールデンクロス(買いシグナル)', 'BB上限付近 bb_pct=84.2%(売りシグナル)']",{}
018260.KS,169000.0,HOLD,10,51.3,-90.227,166450.0,165292.0,54.7,-0.47,11.04,0.66,0.14,14.520017,-0.563,-0.039,"['RSI=51.3 中立', 'MACD デッドクロス(売りシグナル)', 'MA 上昇トレンド(買いシグナル)', '1ヶ月モメンタム +11.0%(強い上昇)']",{}
3898.HK,36.62,SELL,-40,43.8,-0.044,37.22,39.35,30.4,-0.87,0.6,-18.26,2.0,8.751167,0.044,0.125,"['RSI=43.8 中立', 'MACD デッドクロス(売りシグナル)', 'MA 下降トレンド(売りシグナル)', '出来高急増 2.0x(注目)']",{}
601398.SS,7.47,HOLD,-15,50.6,-0.005,7.48,7.33,46.3,-1.45,-1.45,3.32,1.1,7.093276,0.038,-0.035,"['RSI=50.6 中立', 'MACD デッドクロス(売りシグナル)']",{}
1209.HK,47.78,HOLD,0,54.3,-0.118,47.26,46.9,62.5,1.4,8.2,8.54,0.91,19.337633,0.126,0.045,"['RSI=54.3 中立', 'MACD デッドクロス(売りシグナル)', 'MA 上昇トレンド(買いシグナル)']",{}
000100.KS,92600.0,HOLD,0,40.2,7.068,94340.0,98566.1,27.2,-2.32,-0.22,-11.0,0.24,28.729437,,0.101,"['RSI=40.2 中立', 'MACD ゴールデンクロス(買いシグナル)', 'MA 下降トレンド(売りシグナル)']",{}
011200.KS,20550.0,SELL,-30,46.4,-38.702,20840.0,20972.42,31.3,-2.61,2.49,8.46,0.14,17.526653,-0.559,-0.142,"['RSI=46.4 中立', 'MACD デッドクロス(売りシグナル)', 'MA 下降トレンド(売りシグナル)']",{}
2611.HK,13.6,SELL,-30,40.9,-0.024,13.95,14.79,28.6,-2.23,0.0,-18.22,0.99,7.0895286,-0.69,0.641,"['RSI=40.9 中立', 'MACD デッドクロス(売りシグナル)', 'MA 下降トレンド(売りシグナル)']",{}
600028.SS,5.42,SELL,-40,31.1,-0.007,5.65,6.14,21.8,-0.55,-7.98,-14.91,3.32,12.805367,-0.891,-0.054,"['RSI=31.1 中立', 'MACD デッドクロス(売りシグナル)', 'MA 下降トレンド(売りシグナル)', '出来高急増 3.3x(注目)']",{}
0151.HK,4.51,SELL,-30,46.4,-0.003,4.55,4.69,39.9,0.0,-0.66,-4.25,0.8,10.871745,-0.078,0.021,"['RSI=46.4 中立', 'MACD デッドクロス(売りシグナル)', 'MA 下降トレンド(売りシグナル)']",{}
1766.HK,5.14,HOLD,15,45.3,0.018,5.12,5.41,58.6,0.98,1.98,-14.05,0.38,6.816384,-0.402,-0.05,"['RSI=45.3 中立', 'MACD ゴールデンクロス(買いシグナル)']",{}
600026.SS,21.74,HOLD,-15,45.4,-0.283,23.0,22.61,29.8,1.35,-8.08,42.28,0.83,11.926837,1.674,0.269,"['RSI=45.4 中立', 'MACD デッドクロス(売りシグナル)']",{}
1988.HK,3.73,HOLD,15,49.5,0.02,3.68,3.86,74.9,0.27,-3.12,-4.36,1.07,4.9395037,,0.003,"['RSI=49.5 中立', 'MACD ゴールデンクロス(買いシグナル)']",{}
601166.SS,18.18,HOLD,-20,39.4,-0.036,18.48,18.55,19.2,-0.11,-3.86,-0.5,1.29,5.121127,-0.01,0.034,"['RSI=39.4 中立', 'MACD デッドクロス(売りシグナル)', 'MA 下降トレンド(売りシグナル)', 'BB下限付近 bb_pct=19.2%(買いシグナル)']",{}
2018.HK,36.78,HOLD,0,50.7,-0.025,36.73,35.55,50.7,-5.84,8.88,-2.75,0.73,11.1180315,0.329,0.15,"['RSI=50.7 中立', 'MACD デッドクロス(売りシグナル)', 'MA 上昇トレンド(買いシグナル)']",{}
600276.SS,54.99,HOLD,-5,45.0,-0.17,56.36,55.94,11.7,-2.5,-4.75,-3.86,0.92,32.0894,,0.13,"['RSI=45.0 中立', 'MACD デッドクロス(売りシグナル)', 'BB下限付近 bb_pct=11.7%(買いシグナル)']",{}
0270.HK,8.24,HOLD,10,61.0,-0.013,8.1,7.75,69.8,1.6,10.01,15.57,0.8,11.605634,,0.093,"['RSI=61.0 中立', 'MACD デッドクロス(売りシグナル)', 'MA 上昇トレンド(買いシグナル)', '1ヶ月モメンタム +10.0%(強い上昇)']",{}
2268.HK,58.55,HOLD,-15,46.5,-0.352,60.49,59.65,27.5,0.26,2.27,-10.47,0.45,23.381477,0.223,0.359,"['RSI=46.5 中立', 'MACD デッドクロス(売りシグナル)']",{}
600309.SS,90.35,BUY,30,60.8,0.132,87.79,86.04,74.7,3.08,9.03,6.67,0.92,12.376712,0.214,0.255,"['RSI=60.8 中立', 'MACD ゴールデンクロス(買いシグナル)', 'MA 上昇トレンド(買いシグナル)']",{}
0144.HK,15.59,HOLD,15,47.1,0.052,15.48,16.19,56.9,-1.89,-0.76,-0.19,0.65,8.421746,-0.171,0.141,"['RSI=47.1 中立', 'MACD ゴールデンクロス(買いシグナル)']",{}
003230.KS,1345000.0,HOLD,0,59.3,-4216.291,1289350.0,1206086.57,70.3,2.28,8.47,22.53,0.21,15.331994,0.251,0.332,"['RSI=59.3 中立', 'MACD デッドクロス(売りシグナル)', 'MA 上昇トレンド(買いシグナル)']",{}
0914.HK,20.08,HOLD,0,37.1,0.017,20.71,22.35,20.4,-0.4,-7.55,-19.94,0.71,8.500921,-0.256,-0.072,"['RSI=37.1 中立', 'MACD ゴールデンクロス(買いシグナル)', 'MA 下降トレンド(売りシグナル)']",{}
600703.SS,13.94,HOLD,25,50.8,0.285,13.04,14.6,67.7,-10.12,17.64,-17.27,0.65,44.96774,-0.75,-0.326,"['RSI=50.8 中立', 'MACD ゴールデンクロス(買いシグナル)', '1ヶ月モメンタム +17.6%(強い上昇)']",{}
0392.HK,31.84,HOLD,15,47.3,0.2,31.29,33.34,71.8,-1.67,5.43,-10.31,0.43,6.3967857,-0.163,0.023,"['RSI=47.3 中立', 'MACD ゴールデンクロス(買いシグナル)']",{}
3888.HK,23.08,HOLD,0,41.8,0.029,23.59,24.58,33.4,-4.94,1.05,-26.36,1.03,15.421153,1.259,-0.062,"['RSI=41.8 中立', 'MACD ゴールデンクロス(買いシグナル)', 'MA 下降トレンド(売りシグナル)']",{}
2618.HK,15.43,HOLD,10,63.6,-0.088,14.94,13.46,67.7,0.19,13.46,33.71,0.66,8.165514,0.137,0.219,"['RSI=63.6 中立', 'MACD デッドクロス(売りシグナル)', 'MA 上昇トレンド(買いシグナル)', '1ヶ月モメンタム +13.5%(強い上昇)']",{}
0136.HK,1.46,HOLD,10,33.8,0.007,1.53,1.74,10.3,-3.31,-2.67,-33.64,0.64,11.68,,-0.379,"['RSI=33.8 中立', 'MACD ゴールデンクロス(買いシグナル)', 'MA 下降トレンド(売りシグナル)', 'BB下限付近 bb_pct=10.3%(買いシグナル)']",{}
688012.SS,359.76,HOLD,15,66.9,5.892,320.58,325.07,104.1,14.19,14.74,0.75,1.14,50.211098,1.94,0.341,"['RSI=66.9 中立', 'MACD ゴールデンクロス(買いシグナル)', 'BB上限付近 bb_pct=104.1%(売りシグナル)', '1ヶ月モメンタム +14.7%(強い上昇)']",{}
600989.SS,31.13,BUY,30,62.3,0.257,28.75,28.48,100.8,9.96,10.08,40.03,1.01,14.345621,0.515,0.229,"['RSI=62.3 中立', 'MACD ゴールデンクロス(買いシグナル)', 'MA 上昇トレンド(買いシグナル)', 'BB上限付近 bb_pct=100.8%(売りシグナル)', '1ヶ月モメンタム +10.1%(強い上昇)']",{}
0168.HK,54.0,BUY,30,68.6,0.254,50.93,50.43,113.4,5.26,11.85,8.96,1.41,13.006563,0.052,-0.015,"['RSI=68.6 中立', 'MACD ゴールデンクロス(買いシグナル)', 'MA 上昇トレンド(買いシグナル)', 'BB上限付近 bb_pct=113.4%(売りシグナル)', '1ヶ月モメンタム +11.8%(強い上昇)']",{}
1519.HK,10.1,HOLD,-5,46.5,-0.048,10.39,10.12,31.8,-2.88,11.23,-4.08,0.64,12.915813,2.575,0.234,"['RSI=46.5 中立', 'MACD デッドクロス(売りシグナル)', '1ヶ月モメンタム +11.2%(強い上昇)']",{}
1099.HK,18.78,HOLD,-20,33.6,-0.209,20.16,20.64,8.8,-3.99,-7.94,-11.25,1.26,6.1095624,0.106,-0.874,"['RSI=33.6 中立', 'MACD デッドクロス(売りシグナル)', 'MA 下降トレンド(売りシグナル)', 'BB下限付近 bb_pct=8.8%(買いシグナル)']",{}
600332.SS,22.87,HOLD,15,44.1,0.08,22.84,23.99,54.2,0.84,-0.87,-9.82,1.26,11.432371,-0.021,0.036,"['RSI=44.1 中立', 'MACD ゴールデンクロス(買いシグナル)']",{}
034220.KS,12610.0,HOLD,-5,48.6,-152.266,12896.0,12469.4,44.1,-1.25,16.11,14.22,0.17,7.0706444,,-0.088,"['RSI=48.6 中立', 'MACD デッドクロス(売りシグナル)', '1ヶ月モメンタム +16.1%(強い上昇)']",{}
0780.HK,18.21,SELL,-40,44.1,-0.009,18.46,19.47,35.9,-0.98,-0.22,-20.76,1.61,8.428498,-0.811,0.142,"['RSI=44.1 中立', 'MACD デッドクロス(売りシグナル)', 'MA 下降トレンド(売りシグナル)', '出来高急増 1.6x(注目)']",{}
0390.HK,4.01,HOLD,0,40.4,0.01,4.06,4.4,22.9,-2.43,-3.61,-12.45,0.76,3.3786955,-0.35,-0.066,"['RSI=40.4 中立', 'MACD ゴールデンクロス(買いシグナル)', 'MA 下降トレンド(売りシグナル)']",{}
0285.HK,26.6,SELL,-30,37.0,-0.047,27.81,29.99,7.6,-0.97,-8.65,-23.3,1.57,9.506542,-0.352,0.001,"['RSI=37.0 中立', 'MACD デッドクロス(売りシグナル)', 'MA 下降トレンド(売りシグナル)', 'BB下限付近 bb_pct=7.6%(買いシグナル)', '出来高急増 1.6x(注目)']",{}
2525.HK,180.7,HOLD,25,51.8,1.503,172.95,186.25,66.0,6.73,23.6,-11.16,0.74,25.02967,-0.139,0.39,"['RSI=51.8 中立', 'MACD ゴールデンクロス(買いシグナル)', '1ヶ月モメンタム +23.6%(強い上昇)']",{}
0004.HK,24.08,HOLD,15,61.8,0.318,22.44,23.61,92.4,1.26,11.16,-4.63,0.55,15.987783,,0.048,"['RSI=61.8 中立', 'MACD ゴールデンクロス(買いシグナル)', 'BB上限付近 bb_pct=92.4%(売りシグナル)', '1ヶ月モメンタム +11.2%(強い上昇)']",{}
601088.SS,47.98,HOLD,20,59.0,0.156,46.66,46.35,85.8,2.13,2.92,18.03,1.12,16.70066,-0.122,0.012,"['RSI=59.0 中立', 'MACD ゴールデンクロス(買いシグナル)', 'MA 上昇トレンド(買いシグナル)', 'BB上限付近 bb_pct=85.8%(売りシグナル)']",{}
010950.KS,135500.0,BUY,30,67.4,1598.147,118955.0,116272.49,118.9,13.48,21.63,34.58,0.47,12.997797,,-0.014,"['RSI=67.4 中立', 'MACD ゴールデンクロス(買いシグナル)', 'MA 上昇トレンド(買いシグナル)', 'BB上限付近 bb_pct=118.9%(売りシグナル)', '1ヶ月モメンタム +21.6%(強い上昇)']",{}
2883.HK,9.47,HOLD,5,55.1,0.054,9.13,9.6,85.0,2.38,1.39,5.22,1.09,7.750607,-0.036,0.046,"['RSI=55.1 中立', 'MACD ゴールデンクロス(買いシグナル)', 'BB上限付近 bb_pct=85.0%(売りシグナル)']",{}
9880.HK,105.7,HOLD,25,49.0,0.221,104.97,109.97,52.6,0.86,20.52,-26.8,0.52,67.05979,,0.686,"['RSI=49.0 中立', 'MACD ゴールデンクロス(買いシグナル)', '1ヶ月モメンタム +20.5%(強い上昇)']",{}
1772.HK,83.95,HOLD,0,61.8,-0.306,78.48,69.01,86.5,11.71,12.61,22.2,1.24,40.850914,,0.698,"['RSI=61.8 中立', 'MACD デッドクロス(売りシグナル)', 'MA 上昇トレンド(買いシグナル)', 'BB上限付近 bb_pct=86.5%(売りシグナル)', '1ヶ月モメンタム +12.6%(強い上昇)']",{}
0322.HK,12.67,HOLD,-15,47.1,-0.054,12.9,12.9,31.6,0.16,-0.71,6.47,0.68,12.868002,0.205,-0.012,"['RSI=47.1 中立', 'MACD デッドクロス(売りシグナル)']",{}
601816.SS,4.94,SELL,-30,46.5,-0.004,4.97,5.0,38.3,0.41,-2.76,0.61,1.03,15.972581,0.046,0.046,"['RSI=46.5 中立', 'MACD デッドクロス(売りシグナル)', 'MA 下降トレンド(売りシグナル)']",{}
1044.HK,27.02,HOLD,0,45.6,0.017,27.28,27.95,41.6,1.66,-2.38,-1.6,0.73,10.344711,0.308,0.039,"['RSI=45.6 中立', 'MACD ゴールデンクロス(買いシグナル)', 'MA 下降トレンド(売りシグナル)']",{}
0126Z0.KS,556000.0,HOLD,-5,49.6,-72.314,553775.0,557240.0,51.6,-3.14,11.65,-4.79,0.12,30.515917,,,"['RSI=49.6 中立', 'MACD デッドクロス(売りシグナル)', '1ヶ月モメンタム +11.6%(強い上昇)']",{}
9863.HK,47.06,HOLD,-5,43.3,-1.298,51.8,46.74,18.2,-2.49,-2.69,10.0,0.84,10.222697,,0.736,"['RSI=43.3 中立', 'MACD デッドクロス(売りシグナル)', 'BB下限付近 bb_pct=18.2%(買いシグナル)']",{}
603986.SS,308.89,HOLD,15,61.4,3.869,279.86,283.68,81.3,1.34,21.13,0.53,1.07,72.68,1.085,0.39,"['RSI=61.4 中立', 'MACD ゴールデンクロス(買いシグナル)', 'BB上限付近 bb_pct=81.3%(売りシグナル)', '1ヶ月モメンタム +21.1%(強い上昇)']",{}
601456.SS,9.6,HOLD,15,62.5,0.041,9.27,9.39,107.3,2.78,5.03,-2.24,1.56,20.11988,0.125,0.181,"['RSI=62.5 中立', 'MACD ゴールデンクロス(買いシグナル)', 'BB上限付近 bb_pct=107.3%(売りシグナル)', '出来高急増 1.6x(注目)']",{}
0384.HK,7.42,HOLD,15,49.6,0.03,7.31,7.67,78.8,-0.27,0.82,-6.43,0.72,12.538655,-0.244,-0.018,"['RSI=49.6 中立', 'MACD ゴールデンクロス(買いシグナル)']",{}
601658.SS,5.15,BUY,30,53.1,0.008,5.11,5.08,63.7,-0.77,0.78,1.78,1.03,7.009092,-0.309,0.028,"['RSI=53.1 中立', 'MACD ゴールデンクロス(買いシグナル)', 'MA 上昇トレンド(買いシグナル)']",{}
600000.SS,9.38,HOLD,0,29.9,-0.056,9.83,9.94,10.5,-1.68,-8.4,-8.04,1.08,5.5897217,0.289,0.025,"['RSI=29.9 売られすぎ(買いシグナル)', 'MACD デッドクロス(売りシグナル)', 'MA 下降トレンド(売りシグナル)', 'BB下限付近 bb_pct=10.5%(買いシグナル)']",{}
1357.HK,4.28,HOLD,0,39.8,0.03,4.39,5.02,33.4,-1.61,-0.93,-47.23,0.48,9.88401,,,"['RSI=39.8 中立', 'MACD ゴールデンクロス(買いシグナル)', 'MA 下降トレンド(売りシグナル)']",{}
0316.HK,137.9,SELL,-30,46.0,-0.403,139.7,144.08,38.4,2.07,-3.36,7.4,0.66,14.09691,-0.679,-0.2,"['RSI=46.0 中立', 'MACD デッドクロス(売りシグナル)', 'MA 下降トレンド(売りシグナル)']",{}
2380.HK,3.31,HOLD,5,58.5,0.012,3.23,3.25,85.6,-0.3,3.12,-0.3,0.37,11.451138,-0.564,-0.046,"['RSI=58.5 中立', 'MACD ゴールデンクロス(買いシグナル)', 'BB上限付近 bb_pct=85.6%(売りシグナル)']",{}
1929.HK,10.96,HOLD,0,41.6,0.001,11.25,11.95,26.0,0.55,1.29,-27.51,0.72,11.119904,0.008,-0.011,"['RSI=41.6 中立', 'MACD ゴールデンクロス(買いシグナル)', 'MA 下降トレンド(売りシグナル)']",{}
600089.SS,27.25,HOLD,15,47.8,0.039,27.03,28.57,57.5,-1.55,1.76,-3.71,0.84,18.166666,,-0.047,"['RSI=47.8 中立', 'MACD ゴールデンクロス(買いシグナル)']",{}
600600.SS,63.21,BUY,30,58.5,0.091,62.48,62.43,77.4,1.97,-0.14,3.32,1.34,16.975052,0.052,-0.015,"['RSI=58.5 中立', 'MACD ゴールデンクロス(買いシグナル)', 'MA 上昇トレンド(買いシグナル)']",{}
0763.HK,24.74,HOLD,25,53.2,0.231,23.75,24.78,74.7,1.39,12.35,-14.81,1.04,8.791961,-0.471,0.061,"['RSI=53.2 中立', 'MACD ゴールデンクロス(買いシグナル)', '1ヶ月モメンタム +12.4%(強い上昇)']",{}
3800.HK,0.95,HOLD,0,43.3,0.002,0.97,1.04,40.3,-4.04,6.74,-15.93,0.87,13.141623,,0.394,"['RSI=43.3 中立', 'MACD ゴールデンクロス(買いシグナル)', 'MA 下降トレンド(売りシグナル)']",{}
601601.SS,37.62,HOLD,-10,48.3,0.027,37.69,39.0,48.0,1.79,-1.8,-14.89,2.01,7.1993933,,-0.032,"['RSI=48.3 中立', 'MACD ゴールデンクロス(買いシグナル)', 'MA 下降トレンド(売りシグナル)', '出来高急増 2.0x(注目)']",{}
1193.HK,19.01,HOLD,15,42.9,0.069,19.0,19.95,50.8,0.32,-0.63,-11.66,0.59,11.298529,0.788,-0.052,"['RSI=42.9 中立', 'MACD ゴールデンクロス(買いシグナル)']",{}
600188.SS,23.17,HOLD,20,72.8,0.306,19.83,19.59,130.1,12.31,21.88,66.57,1.57,17.692425,-0.418,0.055,"['RSI=72.8 買われすぎ(売りシグナル)', 'MACD ゴールデンクロス(買いシグナル)', 'MA 上昇トレンド(買いシグナル)', 'BB上限付近 bb_pct=130.1%(売りシグナル)', '1ヶ月モメンタム +21.9%(強い上昇)', '出来高急増 1.6x(注目)']",{}
090430.KS,137200.0,HOLD,15,51.1,1247.329,134100.0,136768.03,62.5,-4.66,4.33,0.14,0.49,21.239933,,0.066,"['RSI=51.1 中立', 'MACD ゴールデンクロス(買いシグナル)']",{}
600674.SS,15.36,HOLD,5,59.0,0.067,14.88,15.01,93.0,2.4,4.14,11.06,0.84,14.9126215,-0.017,-0.096,"['RSI=59.0 中立', 'MACD ゴールデンクロス(買いシグナル)', 'BB上限付近 bb_pct=93.0%(売りシグナル)']",{}
600489.SS,26.07,SELL,-30,44.1,-0.033,26.73,28.42,28.3,0.93,-4.37,-23.95,1.13,15.156977,0.726,0.286,"['RSI=44.1 中立', 'MACD デッドクロス(売りシグナル)', 'MA 下降トレンド(売りシグナル)']",{}
3323.HK,5.16,HOLD,15,47.2,0.009,5.15,5.62,51.4,2.58,4.45,-8.35,1.03,6.09428,,-0.057,"['RSI=47.2 中立', 'MACD ゴールデンクロス(買いシグナル)']",{}
600031.SS,20.5,HOLD,15,53.3,0.062,20.16,20.95,69.1,4.59,0.99,-10.21,1.36,13.241183,0.119,0.178,"['RSI=53.3 中立', 'MACD ゴールデンクロス(買いシグナル)']",{}
161390.KS,59300.0,HOLD,-5,47.3,-51.815,60430.0,60162.98,41.9,-5.42,14.04,-1.97,0.24,4.7012315,2.349,1.155,"['RSI=47.3 中立', 'MACD デッドクロス(売りシグナル)', '1ヶ月モメンタム +14.0%(強い上昇)']",{}
603288.SS,39.27,HOLD,-5,45.7,-0.307,40.64,38.57,9.3,-0.78,-5.96,11.78,1.0,26.35535,0.05,0.086,"['RSI=45.7 中立', 'MACD デッドクロス(売りシグナル)', 'BB下限付近 bb_pct=9.3%(買いシグナル)']",{}
323410.KS,24450.0,SELL,-30,46.1,-69.396,24842.5,24948.46,33.8,-3.36,4.26,12.48,0.17,19.380363,,0.089,"['RSI=46.1 中立', 'MACD デッドクロス(売りシグナル)', 'MA 下降トレンド(売りシグナル)']",{}
0916.HK,6.26,SELL,-40,31.6,-0.002,6.58,7.26,28.4,-1.73,-16.42,-13.66,0.5,7.864297,-0.826,-0.22,"['RSI=31.6 中立', 'MACD デッドクロス(売りシグナル)', 'MA 下降トレンド(売りシグナル)', '1ヶ月モメンタム -16.4%(強い下落)']",{}
6990.HK,459.8,HOLD,-5,46.7,-7.401,487.63,438.28,15.4,-1.03,0.88,8.19,0.45,138.33148,,1.013,"['RSI=46.7 中立', 'MACD デッドクロス(売りシグナル)', 'BB下限付近 bb_pct=15.4%(買いシグナル)']",{}
600905.SS,4.1,HOLD,0,41.8,0.002,4.11,4.22,36.7,-1.2,-1.91,-0.73,0.69,13.225806,,-0.105,"['RSI=41.8 中立', 'MACD ゴールデンクロス(買いシグナル)', 'MA 下降トレンド(売りシグナル)']",{}
2588.HK,81.3,SELL,-30,49.3,-0.152,81.67,81.99,45.3,-1.51,4.63,-1.69,0.88,7.585345,-0.042,0.075,"['RSI=49.3 中立', 'MACD デッドクロス(売りシグナル)', 'MA 下降トレンド(売りシグナル)']",{}
603259.SS,111.18,BUY,30,69.2,0.487,103.44,98.5,102.0,10.97,7.1,16.07,2.34,15.61302,0.234,0.288,"['RSI=69.2 中立', 'MACD ゴールデンクロス(買いシグナル)', 'MA 上昇トレンド(買いシグナル)', 'BB上限付近 bb_pct=102.0%(売りシグナル)', '出来高急増 2.3x(注目)']",{}
600887.SS,26.57,HOLD,15,63.1,0.054,25.85,26.11,90.2,5.14,0.91,0.76,2.98,14.246114,-0.037,-0.017,"['RSI=63.1 中立', 'MACD ゴールデンクロス(買いシグナル)', 'BB上限付近 bb_pct=90.2%(売りシグナル)', '出来高急増 3.0x(注目)']",{}
000001.SS,,HOLD,25,57.4,9.477,,,,,,,19.83,,,,"['RSI=57.4 中立', 'MACD ゴールデンクロス(買いシグナル)', '出来高急増 19.8x(注目)']",{}
0177.HK,10.62,HOLD,20,60.1,0.022,10.31,10.15,81.9,0.57,7.82,1.63,0.52,9.716815,-0.085,-0.2,"['RSI=60.1 中立', 'MACD ゴールデンクロス(買いシグナル)', 'MA 上昇トレンド(買いシグナル)', 'BB上限付近 bb_pct=81.9%(売りシグナル)']",{}
601336.SS,64.1,HOLD,15,49.1,0.504,62.39,68.01,80.0,1.99,2.76,-21.76,1.56,8.1586,-0.382,-0.141,"['RSI=49.1 中立', 'MACD ゴールデンクロス(買いシグナル)', 'BB上限付近 bb_pct=80.0%(売りシグナル)', '出来高急増 1.6x(注目)']",{}
1585.HK,11.87,HOLD,-5,44.7,-0.171,12.56,11.89,15.2,-1.08,-7.05,5.79,1.34,8.603816,4.252,0.289,"['RSI=44.7 中立', 'MACD デッドクロス(売りシグナル)', 'BB下限付近 bb_pct=15.2%(買いシグナル)']",{}
0968.HK,2.97,HOLD,0,44.8,0.008,3.0,3.22,41.0,-1.66,-1.66,-13.41,1.1,11.301801,,-0.007,"['RSI=44.8 中立', 'MACD ゴールデンクロス(買いシグナル)', 'MA 下降トレンド(売りシグナル)']",{}
047050.KS,85000.0,HOLD,20,66.0,826.029,78225.0,75175.9,88.4,4.55,-0.12,40.92,0.15,16.662806,,,"['RSI=66.0 中立', 'MACD ゴールデンクロス(買いシグナル)', 'MA 上昇トレンド(買いシグナル)', 'BB上限付近 bb_pct=88.4%(売りシグナル)']",{}
600809.SS,143.14,HOLD,25,49.0,1.042,140.26,150.67,79.1,0.53,-0.86,-11.24,1.53,13.11809,-0.059,0.245,"['RSI=49.0 中立', 'MACD ゴールデンクロス(買いシグナル)', '出来高急増 1.5x(注目)']",{}
601881.SS,12.93,HOLD,15,48.0,0.049,12.76,13.56,69.6,2.86,0.54,-14.54,1.31,10.367805,-0.885,-0.209,"['RSI=48.0 中立', 'MACD ゴールデンクロス(買いシグナル)']",{}
601229.SS,9.54,HOLD,-20,40.2,-0.022,9.74,9.8,6.6,-3.34,-3.54,2.91,1.07,5.6818523,0.0,0.043,"['RSI=40.2 中立', 'MACD デッドクロス(売りシグナル)', 'MA 下降トレンド(売りシグナル)', 'BB下限付近 bb_pct=6.6%(買いシグナル)']",{}
688008.SS,169.9,HOLD,15,63.1,3.104,150.59,151.26,82.4,6.39,30.72,0.52,1.08,45.81367,0.523,0.195,"['RSI=63.1 中立', 'MACD ゴールデンクロス(買いシグナル)', 'BB上限付近 bb_pct=82.4%(売りシグナル)', '1ヶ月モメンタム +30.7%(強い上昇)']",{}
600019.SS,6.48,HOLD,5,51.2,0.029,6.39,6.67,86.0,1.57,0.0,-9.5,1.21,12.77678,1.299,0.018,"['RSI=51.2 中立', 'MACD ゴールデンクロス(買いシグナル)', 'BB上限付近 bb_pct=86.0%(売りシグナル)']",{}
600549.SS,59.47,HOLD,-15,49.5,-0.184,58.96,61.7,53.5,-5.08,6.2,-7.37,1.35,37.87898,1.892,0.87,"['RSI=49.5 中立', 'MACD デッドクロス(売りシグナル)']",{}
601857.SS,12.25,BUY,30,57.9,0.034,11.94,11.92,74.8,3.64,1.49,17.34,0.94,12.507402,-0.009,0.022,"['RSI=57.9 中立', 'MACD ゴールデンクロス(買いシグナル)', 'MA 上昇トレンド(買いシグナル)']",{}
601225.SS,26.13,HOLD,20,56.4,0.062,25.44,25.28,87.9,0.04,2.96,22.45,1.35,14.048387,-0.124,-0.03,"['RSI=56.4 中立', 'MACD ゴールデンクロス(買いシグナル)', 'MA 上昇トレンド(買いシグナル)', 'BB上限付近 bb_pct=87.9%(売りシグナル)']",{}
2026.HK,76.2,HOLD,-10,40.5,0.603,79.3,91.69,39.0,-9.61,5.39,-39.14,2.2,-15.074368,,-0.18,"['RSI=40.5 中立', 'MACD ゴールデンクロス(買いシグナル)', 'MA 下降トレンド(売りシグナル)', '出来高急増 2.2x(注目)']",{}
600150.SS,41.16,HOLD,-5,79.5,0.968,34.61,34.97,99.0,6.63,32.56,17.94,1.09,23.791906,1.23,0.219,"['RSI=79.5 買われすぎ(売りシグナル)', 'MACD ゴールデンクロス(買いシグナル)', 'BB上限付近 bb_pct=99.0%(売りシグナル)', '1ヶ月モメンタム +32.6%(強い上昇)']",{}
0960.HK,8.25,HOLD,15,49.8,0.065,7.98,8.73,73.6,0.49,7.28,-15.68,1.07,13.751212,,-0.522,"['RSI=49.8 中立', 'MACD ゴールデンクロス(買いシグナル)']",{}
601012.SS,16.55,SELL,-30,34.1,-0.04,17.29,17.98,-1.4,-5.59,-7.49,-13.8,1.9,24.69412,,-0.098,"['RSI=34.1 中立', 'MACD デッドクロス(売りシグナル)', 'MA 下降トレンド(売りシグナル)', 'BB下限付近 bb_pct=-1.4%(買いシグナル)', '出来高急増 1.9x(注目)']",{}
6969.HK,9.5,HOLD,15,46.0,0.07,9.45,10.47,53.6,-0.11,3.49,-12.36,0.25,20.838802,0.053,0.164,"['RSI=46.0 中立', 'MACD ゴールデンクロス(買いシグナル)']",{}
601100.SS,105.0,HOLD,15,54.6,0.394,102.0,105.11,78.0,4.77,2.94,-7.02,0.8,34.345825,0.065,0.325,"['RSI=54.6 中立', 'MACD ゴールデンクロス(買いシグナル)']",{}
600111.SS,50.95,HOLD,-25,55.1,-0.066,49.49,51.23,70.0,8.04,5.09,0.39,1.95,37.544678,1.132,0.277,"['RSI=55.1 中立', 'MACD デッドクロス(売りシグナル)', '出来高急増 1.9x(注目)']",{}
601985.SS,8.99,HOLD,15,54.1,0.029,8.86,8.86,72.5,-1.1,0.45,3.21,1.03,19.127659,-0.292,0.057,"['RSI=54.1 中立', 'MACD ゴールデンクロス(買いシグナル)']",{}
3998.HK,4.34,HOLD,5,56.8,0.029,4.2,4.34,80.5,1.64,9.87,-6.06,1.07,10.720285,0.015,0.014,"['RSI=56.8 中立', 'MACD ゴールデンクロス(買いシグナル)', 'BB上限付近 bb_pct=80.5%(売りシグナル)']",{}
600886.SS,13.61,HOLD,15,49.0,0.023,13.52,13.79,59.5,0.74,-2.86,4.53,1.0,12.151785,-0.101,-0.14,"['RSI=49.0 中立', 'MACD ゴールデンクロス(買いシグナル)']",{}
601818.SS,3.16,HOLD,-20,38.3,-0.001,3.19,3.24,10.8,-0.63,-1.25,-2.93,0.74,5.1074014,,-0.154,"['RSI=38.3 中立', 'MACD デッドクロス(売りシグナル)', 'MA 下降トレンド(売りシグナル)', 'BB下限付近 bb_pct=10.8%(買いシグナル)']",{}
180640.KS,110600.0,HOLD,0,43.4,116.128,113625.0,122466.31,27.5,-3.15,1.56,0.31,0.19,,-0.314,0.128,"['RSI=43.4 中立', 'MACD ゴールデンクロス(買いシグナル)', 'MA 下降トレンド(売りシグナル)']",{}
326030.KS,100400.0,HOLD,0,47.5,85.511,100890.0,101908.0,46.4,-1.86,6.7,-9.96,0.29,21.277102,-0.282,0.192,"['RSI=47.5 中立', 'MACD ゴールデンクロス(買いシグナル)', 'MA 下降トレンド(売りシグナル)']",{}
9995.HK,100.1,HOLD,-5,45.2,-2.278,109.24,94.73,16.5,-4.39,1.26,15.19,0.71,58.777252,,2.014,"['RSI=45.2 中立', 'MACD デッドクロス(売りシグナル)', 'BB下限付近 bb_pct=16.5%(買いシグナル)']",{}
601939.SS,9.81,BUY,30,64.0,0.017,9.53,9.25,83.1,0.82,3.81,12.5,1.62,7.235047,0.003,0.024,"['RSI=64.0 中立', 'MACD ゴールデンクロス(買いシグナル)', 'MA 上昇トレンド(買いシグナル)', 'BB上限付近 bb_pct=83.1%(売りシグナル)', '出来高急増 1.6x(注目)']",{}
600919.SS,11.4,HOLD,20,69.4,0.037,10.99,10.76,99.1,1.79,5.36,15.97,1.39,5.2511086,0.066,0.084,"['RSI=69.4 中立', 'MACD ゴールデンクロス(買いシグナル)', 'MA 上昇トレンド(買いシグナル)', 'BB上限付近 bb_pct=99.1%(売りシグナル)']",{}
024110.KS,22700.0,HOLD,15,55.3,45.702,22252.5,22731.84,77.0,1.57,6.32,8.98,0.15,6.2347894,0.017,0.093,"['RSI=55.3 中立', 'MACD ゴールデンクロス(買いシグナル)']",{}
003490.KS,24650.0,HOLD,0,50.7,-29.355,24550.0,24477.68,53.5,-0.8,7.17,12.9,0.18,8.119966,-0.606,0.443,"['RSI=50.7 中立', 'MACD デッドクロス(売りシグナル)', 'MA 上昇トレンド(買いシグナル)']",{}
6186.HK,3.51,HOLD,5,48.4,0.028,3.44,3.67,80.2,1.15,0.57,-8.59,0.57,10.088276,-0.445,-0.159,"['RSI=48.4 中立', 'MACD ゴールデンクロス(買いシグナル)', 'BB上限付近 bb_pct=80.2%(売りシグナル)']",{}
601988.SS,5.79,HOLD,-15,55.0,-0.014,5.8,5.58,47.7,-0.52,-1.36,8.63,1.02,7.52779,-0.072,0.063,"['RSI=55.0 中立', 'MACD デッドクロス(売りシグナル)']",{}
1548.HK,13.62,BUY,40,60.7,0.006,13.08,12.15,64.3,-2.08,23.82,4.69,0.31,28.0304,,0.425,"['RSI=60.7 中立', 'MACD ゴールデンクロス(買いシグナル)', 'MA 上昇トレンド(買いシグナル)', '1ヶ月モメンタム +23.8%(強い上昇)']",{}
6181.HK,571.0,HOLD,-20,36.5,-5.725,622.72,658.18,8.2,-2.89,-7.53,-30.83,0.6,8.844068,1.838,1.999,"['RSI=36.5 中立', 'MACD デッドクロス(売りシグナル)', 'MA 下降トレンド(売りシグナル)', 'BB下限付近 bb_pct=8.2%(買いシグナル)']",{}
005940.KS,34300.0,HOLD,10,53.2,-161.581,34160.0,33034.16,52.0,-2.28,14.52,41.76,0.14,10.530576,,1.849,"['RSI=53.2 中立', 'MACD デッドクロス(売りシグナル)', 'MA 上昇トレンド(買いシグナル)', '1ヶ月モメンタム +14.5%(強い上昇)']",{}
600487.SS,67.38,BUY,40,66.4,0.838,59.79,51.68,79.6,-3.08,29.68,111.49,0.67,42.377357,0.986,0.341,"['RSI=66.4 中立', 'MACD ゴールデンクロス(買いシグナル)', 'MA 上昇トレンド(買いシグナル)', '1ヶ月モメンタム +29.7%(強い上昇)']",{}
600795.SS,4.86,HOLD,15,47.8,0.008,4.85,4.9,53.8,-1.82,0.0,4.07,1.47,9.346154,-0.235,-0.016,"['RSI=47.8 中立', 'MACD ゴールデンクロス(買いシグナル)']",{}
600183.SS,78.0,HOLD,10,72.3,1.393,66.25,64.29,84.9,4.07,41.56,7.16,1.19,26.873386,1.0,0.451,"['RSI=72.3 買われすぎ(売りシグナル)', 'MACD ゴールデンクロス(買いシグナル)', 'MA 上昇トレンド(買いシグナル)', 'BB上限付近 bb_pct=84.9%(売りシグナル)', '1ヶ月モメンタム +41.6%(強い上昇)']",{}
1882.HK,21.54,HOLD,15,51.9,0.065,21.2,21.98,68.3,0.84,5.8,-10.03,1.11,7.581948,0.019,0.075,"['RSI=51.9 中立', 'MACD ゴールデンクロス(買いシグナル)']",{}
443060.KS,264000.0,HOLD,10,72.1,7666.58,211345.0,190768.86,85.1,4.14,47.98,53.07,0.12,27.216904,0.071,0.114,"['RSI=72.1 買われすぎ(売りシグナル)', 'MACD ゴールデンクロス(買いシグナル)', 'MA 上昇トレンド(買いシグナル)', 'BB上限付近 bb_pct=85.1%(売りシグナル)', '1ヶ月モメンタム +48.0%(強い上昇)']",{}
688072.SS,423.67,BUY,30,64.3,2.239,390.38,369.86,91.3,11.48,14.98,16.36,1.07,39.30878,,0.57,"['RSI=64.3 中立', 'MACD ゴールデンクロス(買いシグナル)', 'MA 上昇トレンド(買いシグナル)', 'BB上限付近 bb_pct=91.3%(売りシグナル)', '1ヶ月モメンタム +15.0%(強い上昇)']",{}
600016.SS,3.74,HOLD,15,46.0,0.007,3.73,3.83,61.7,0.0,-1.06,0.0,0.84,5.4772854,,0.003,"['RSI=46.0 中立', 'MACD ゴールデンクロス(買いシグナル)']",{}
601888.SS,65.95,HOLD,0,36.5,0.146,67.81,73.76,22.7,-0.5,-7.63,-27.37,1.18,22.517216,0.536,0.028,"['RSI=36.5 中立', 'MACD ゴールデンクロス(買いシグナル)', 'MA 下降トレンド(売りシグナル)']",{}
600346.SS,22.22,SELL,-30,46.4,-0.172,23.02,23.18,30.4,-7.88,0.09,-13.71,1.15,14.715232,0.931,-0.137,"['RSI=46.4 中立', 'MACD デッドクロス(売りシグナル)', 'MA 下降トレンド(売りシグナル)']",{}
600585.SS,21.26,HOLD,-10,26.8,-0.071,22.31,23.7,12.0,-1.8,-8.79,-10.26,1.65,11.671955,-0.256,-0.072,"['RSI=26.8 売られすぎ(買いシグナル)', 'MACD デッドクロス(売りシグナル)', 'MA 下降トレンド(売りシグナル)', 'BB下限付近 bb_pct=12.0%(買いシグナル)', '出来高急増 1.7x(注目)']",{}
600050.SS,4.54,HOLD,15,44.8,0.01,4.54,4.71,51.1,0.89,1.34,-10.45,1.01,14.514067,-0.181,-0.005,"['RSI=44.8 中立', 'MACD ゴールデンクロス(買いシグナル)']",{}
600418.SS,48.14,HOLD,5,54.7,0.433,46.37,48.96,89.4,6.01,2.89,-9.0,1.45,253.36842,,0.575,"['RSI=54.7 中立', 'MACD ゴールデンクロス(買いシグナル)', 'BB上限付近 bb_pct=89.4%(売りシグナル)']",{}
601668.SS,4.9,SELL,-30,46.6,-0.005,4.93,4.99,39.7,1.03,-2.39,-2.39,1.42,4.70638,-0.901,-0.066,"['RSI=46.6 中立', 'MACD デッドクロス(売りシグナル)', 'MA 下降トレンド(売りシグナル)']",{}
600436.SS,139.32,HOLD,0,21.9,-0.524,146.8,153.94,8.8,-2.18,-8.94,-11.54,1.2,32.027588,-0.288,-0.263,"['RSI=21.9 売られすぎ(買いシグナル)', 'MACD デッドクロス(売りシグナル)', 'MA 下降トレンド(売りシグナル)', 'BB下限付近 bb_pct=8.8%(買いシグナル)']",{}
3311.HK,9.14,HOLD,5,59.8,0.073,8.74,9.04,91.3,2.35,8.81,-1.93,0.66,4.4459796,-0.094,-0.086,"['RSI=59.8 中立', 'MACD ゴールデンクロス(買いシグナル)', 'BB上限付近 bb_pct=91.3%(売りシグナル)']",{}
1776.HK,17.88,BUY,30,66.8,0.182,16.21,16.18,87.9,4.38,20.65,-4.03,1.14,7.450715,0.758,0.701,"['RSI=66.8 中立', 'MACD ゴールデンクロス(買いシグナル)', 'MA 上昇トレンド(買いシグナル)', 'BB上限付近 bb_pct=87.9%(売りシグナル)', '1ヶ月モメンタム +20.6%(強い上昇)']",{}
601628.SS,36.64,HOLD,-10,34.8,0.177,37.08,40.45,31.7,-0.65,-1.03,-24.45,1.8,8.163011,,-0.336,"['RSI=34.8 中立', 'MACD ゴールデンクロス(買いシグナル)', 'MA 下降トレンド(売りシグナル)', '出来高急増 1.8x(注目)']",{}
688396.SS,55.56,HOLD,15,66.8,0.904,49.93,50.97,90.8,5.45,21.52,-18.52,1.39,49.168144,2.952,0.213,"['RSI=66.8 中立', 'MACD ゴールデンクロス(買いシグナル)', 'BB上限付近 bb_pct=90.8%(売りシグナル)', '1ヶ月モメンタム +21.5%(強い上昇)']",{}
3618.HK,7.04,HOLD,-15,57.6,-0.04,7.06,6.53,45.0,-2.09,3.07,19.52,0.78,4.849592,0.061,0.071,"['RSI=57.6 中立', 'MACD デッドクロス(売りシグナル)']",{}
605499.SS,208.33,HOLD,15,50.2,2.112,200.58,223.16,88.4,2.03,-0.98,-15.25,1.52,17.673388,0.057,0.229,"['RSI=50.2 中立', 'MACD ゴールデンクロス(買いシグナル)', 'BB上限付近 bb_pct=88.4%(売りシグナル)', '出来高急増 1.5x(注目)']",{}
603799.SS,67.66,HOLD,15,58.6,0.625,63.0,65.28,89.2,8.74,12.21,-13.42,1.44,10.8673315,0.886,0.446,"['RSI=58.6 中立', 'MACD ゴールデンクロス(買いシグナル)', 'BB上限付近 bb_pct=89.2%(売りシグナル)', '1ヶ月モメンタム +12.2%(強い上昇)']",{}
0772.HK,25.16,HOLD,10,37.6,0.042,26.2,29.22,15.5,-3.75,-1.56,-31.52,0.49,13.794613,,0.062,"['RSI=37.6 中立', 'MACD ゴールデンクロス(買いシグナル)', 'MA 下降トレンド(売りシグナル)', 'BB下限付近 bb_pct=15.5%(買いシグナル)']",{}
600015.SS,7.23,HOLD,-15,53.5,-0.023,7.26,7.07,44.2,0.7,-2.03,14.22,0.99,4.0116296,-0.062,0.051,"['RSI=53.5 中立', 'MACD デッドクロス(売りシグナル)']",{}
688521.SS,234.07,HOLD,-15,50.4,-1.644,237.69,232.44,40.6,-0.61,4.96,1.68,0.83,1273.7118,,0.336,"['RSI=50.4 中立', 'MACD デッドクロス(売りシグナル)']",{}
600196.SS,25.28,HOLD,-5,37.6,-0.13,26.19,26.0,12.8,-1.13,-6.61,-8.67,1.31,18.057144,0.112,0.208,"['RSI=37.6 中立', 'MACD デッドクロス(売りシグナル)', 'BB下限付近 bb_pct=12.8%(買いシグナル)']",{}
601009.SS,11.73,HOLD,20,64.3,0.061,11.31,11.28,86.7,-0.51,3.44,12.68,1.03,5.737484,0.06,0.057,"['RSI=64.3 中立', 'MACD ゴールデンクロス(買いシグナル)', 'MA 上昇トレンド(買いシグナル)', 'BB上限付近 bb_pct=86.7%(売りシグナル)']",{}
005385.KS,255000.0,HOLD,15,51.7,1734.598,248225.0,259080.46,70.3,3.66,8.05,1.24,0.2,,,,"['RSI=51.7 中立', 'MACD ゴールデンクロス(買いシグナル)']",{}
600926.SS,17.4,HOLD,-10,60.3,-0.002,17.13,16.81,83.5,0.99,3.76,10.9,0.98,5.106038,0.06,0.089,"['RSI=60.3 中立', 'MACD デッドクロス(売りシグナル)', 'MA 上昇トレンド(買いシグナル)', 'BB上限付近 bb_pct=83.5%(売りシグナル)']",{}
9896.HK,29.0,HOLD,-20,37.2,-0.058,30.6,33.0,15.0,0.0,-5.37,-22.6,0.6,8.374436,,0.327,"['RSI=37.2 中立', 'MACD デッドクロス(売りシグナル)', 'MA 下降トレンド(売りシグナル)', 'BB下限付近 bb_pct=15.0%(買いシグナル)']",{}
2228.HK,9.14,SELL,-30,45.6,-0.093,9.48,9.82,35.4,1.67,-1.61,-26.47,1.11,117.17949,,0.743,"['RSI=45.6 中立', 'MACD デッドクロス(売りシグナル)', 'MA 下降トレンド(売りシグナル)']",{}
3360.HK,7.46,HOLD,15,53.9,0.01,7.36,7.44,67.0,0.27,6.27,-1.06,1.14,7.1688595,-0.067,-0.084,"['RSI=53.9 中立', 'MACD ゴールデンクロス(買いシグナル)']",{}
2357.HK,3.51,HOLD,0,43.0,0.013,3.53,3.79,46.1,-3.57,5.09,-18.18,0.43,7.8,-0.214,-0.026,"['RSI=43.0 中立', 'MACD ゴールデンクロス(買いシグナル)', 'MA 下降トレンド(売りシグナル)']",{}
688111.SS,249.26,HOLD,15,48.6,2.568,243.36,262.67,68.4,-0.88,2.73,-29.39,0.89,43.977097,4.425,0.24,"['RSI=48.6 中立', 'MACD ゴールデンクロス(買いシグナル)']",{}
603501.SS,101.59,HOLD,15,54.9,1.875,95.02,104.53,92.6,9.9,5.77,-18.64,1.65,21.870073,-0.116,0.037,"['RSI=54.9 中立', 'MACD ゴールデンクロス(買いシグナル)', 'BB上限付近 bb_pct=92.6%(売りシグナル)', '出来高急増 1.7x(注目)']",{}
1066.HK,3.55,HOLD,10,33.3,0.031,3.67,4.4,15.2,-2.2,-6.08,-31.99,0.39,6.5313764,-0.351,0.045,"['RSI=33.3 中立', 'MACD ゴールデンクロス(買いシグナル)', 'MA 下降トレンド(売りシグナル)', 'BB下限付近 bb_pct=15.2%(買いシグナル)']",{}
600115.SS,4.36,HOLD,0,42.4,0.015,4.45,4.79,30.7,-2.24,-3.96,-24.57,0.58,21.177385,,0.135,"['RSI=42.4 中立', 'MACD ゴールデンクロス(買いシグナル)', 'MA 下降トレンド(売りシグナル)']",{}
601169.SS,5.3,HOLD,-5,39.1,-0.013,5.43,5.43,-8.9,-3.28,-3.46,1.15,1.49,4.283694,0.056,0.012,"['RSI=39.1 中立', 'MACD デッドクロス(売りシグナル)', 'BB下限付近 bb_pct=-8.9%(買いシグナル)']",{}
601766.SS,5.91,HOLD,-20,35.0,-0.024,6.13,6.24,12.3,-1.01,-6.93,-8.23,0.96,10.510591,-0.402,-0.05,"['RSI=35.0 中立', 'MACD デッドクロス(売りシグナル)', 'MA 下降トレンド(売りシグナル)', 'BB下限付近 bb_pct=12.3%(買いシグナル)']",{}
600438.SS,17.33,HOLD,15,47.1,0.05,17.2,17.74,53.8,-5.46,3.83,-11.13,0.86,38.638187,,-0.016,"['RSI=47.1 中立', 'MACD ゴールデンクロス(買いシグナル)']",{}
601689.SS,57.58,HOLD,0,43.3,0.008,58.91,61.86,26.2,-0.67,-1.87,-23.58,0.66,24.731022,0.044,0.194,"['RSI=43.3 中立', 'MACD ゴールデンクロス(買いシグナル)', 'MA 下降トレンド(売りシグナル)']",{}
1908.HK,15.05,HOLD,15,64.7,0.12,13.91,14.15,98.0,5.99,16.67,-3.03,1.12,7.3875203,-0.393,-0.069,"['RSI=64.7 中立', 'MACD ゴールデンクロス(買いシグナル)', 'BB上限付近 bb_pct=98.0%(売りシグナル)', '1ヶ月モメンタム +16.7%(強い上昇)']",{}
600958.SS,9.34,HOLD,15,49.0,0.038,9.24,9.53,66.7,0.0,1.97,-10.11,0.0,9.28245,,-0.182,"['RSI=49.0 中立', 'MACD ゴールデンクロス(買いシグナル)']",{}
601066.SS,22.1,HOLD,5,53.2,0.089,21.66,22.45,88.5,2.22,1.89,-9.46,1.32,13.213357,-0.655,0.03,"['RSI=53.2 中立', 'MACD ゴールデンクロス(買いシグナル)', 'BB上限付近 bb_pct=88.5%(売りシグナル)']",{}
601727.SS,7.94,HOLD,0,42.9,0.02,8.0,8.44,37.1,-1.61,-2.1,-11.28,0.7,49.625,,0.122,"['RSI=42.9 中立', 'MACD ゴールデンクロス(買いシグナル)', 'MA 下降トレンド(売りシグナル)']",{}
900948.SS,2.56,HOLD,10,86.3,0.034,2.27,2.15,111.6,13.27,16.36,31.55,1.21,1.7902098,23.116,-0.277,"['RSI=86.3 買われすぎ(売りシグナル)', 'MACD ゴールデンクロス(買いシグナル)', 'MA 上昇トレンド(買いシグナル)', 'BB上限付近 bb_pct=111.6%(売りシグナル)', '1ヶ月モメンタム +16.4%(強い上昇)']",{}
688271.SS,112.47,HOLD,0,42.3,0.217,114.09,118.26,26.6,-3.59,-1.95,-14.85,1.19,30.548637,0.293,0.483,"['RSI=42.3 中立', 'MACD ゴールデンクロス(買いシグナル)', 'MA 下降トレンド(売りシグナル)']",{}
1258.HK,13.69,HOLD,25,57.8,0.074,13.0,13.23,75.4,4.82,18.12,-19.8,0.85,11.6392355,-0.214,-0.076,"['RSI=57.8 中立', 'MACD ゴールデンクロス(買いシグナル)', '1ヶ月モメンタム +18.1%(強い上昇)']",{}
601127.SS,90.45,HOLD,15,44.0,0.636,89.71,96.99,63.1,-2.2,-1.43,-19.66,0.97,8.9307575,-0.703,0.414,"['RSI=44.0 中立', 'MACD ゴールデンクロス(買いシグナル)']",{}
600160.SS,36.82,HOLD,5,58.5,0.439,34.65,37.13,112.6,9.55,5.56,-7.13,1.3,15.56871,-0.234,0.006,"['RSI=58.5 中立', 'MACD ゴールデンクロス(買いシグナル)', 'BB上限付近 bb_pct=112.6%(売りシグナル)']",{}
601006.SS,5.4,HOLD,20,62.2,0.014,5.26,5.24,104.8,2.08,1.31,8.22,1.12,13.451574,-0.292,0.063,"['RSI=62.2 中立', 'MACD ゴールデンクロス(買いシグナル)', 'MA 上昇トレンド(買いシグナル)', 'BB上限付近 bb_pct=104.8%(売りシグナル)']",{}
2367.HK,29.78,HOLD,15,48.0,0.195,29.44,30.51,55.4,-7.29,6.36,-11.1,0.67,13.020629,-0.373,-0.198,"['RSI=48.0 中立', 'MACD ゴールデンクロス(買いシグナル)']",{}
600690.SS,21.64,HOLD,5,49.7,0.211,20.96,23.17,98.0,5.41,-0.69,-15.14,1.47,9.178825,-0.153,-0.069,"['RSI=49.7 中立', 'MACD ゴールデンクロス(買いシグナル)', 'BB上限付近 bb_pct=98.0%(売りシグナル)']",{}
600104.SS,13.69,SELL,-30,38.8,-0.032,14.0,14.19,20.9,-1.44,-7.62,-4.8,0.75,8.399546,,-0.05,"['RSI=38.8 中立', 'MACD デッドクロス(売りシグナル)', 'MA 下降トレンド(売りシグナル)']",{}
600085.SS,27.39,HOLD,10,35.3,0.036,27.78,29.02,18.4,-1.08,-4.43,-8.94,0.64,25.128439,-0.933,-0.174,"['RSI=35.3 中立', 'MACD ゴールデンクロス(買いシグナル)', 'MA 下降トレンド(売りシグナル)', 'BB下限付近 bb_pct=18.4%(買いシグナル)']",{}
9899.HK,118.0,HOLD,10,31.1,0.178,125.01,138.32,12.5,-1.67,-8.74,-35.8,0.85,9.090341,0.132,0.014,"['RSI=31.1 中立', 'MACD ゴールデンクロス(買いシグナル)', 'MA 下降トレンド(売りシグナル)', 'BB下限付近 bb_pct=12.5%(買いシグナル)']",{}
032640.KS,15990.0,HOLD,-15,44.0,-170.503,16665.5,15952.23,25.3,-3.67,4.31,3.19,0.11,8.429328,,0.025,"['RSI=44.0 中立', 'MACD デッドクロス(売りシグナル)']",{}
603893.SS,182.37,BUY,40,64.4,1.993,168.8,168.29,79.7,3.16,19.2,-8.69,1.15,38.32478,0.56,0.362,"['RSI=64.4 中立', 'MACD ゴールデンクロス(買いシグナル)', 'MA 上昇トレンド(買いシグナル)', '1ヶ月モメンタム +19.2%(強い上昇)']",{}
688036.SS,58.44,HOLD,5,62.2,0.848,53.8,55.35,103.8,7.31,7.21,-5.82,1.25,10.058519,0.419,0.246,"['RSI=62.2 中立', 'MACD ゴールデンクロス(買いシグナル)', 'BB上限付近 bb_pct=103.8%(売りシグナル)']",{}
601825.SS,8.94,HOLD,-5,47.0,-0.039,9.11,8.84,6.7,0.56,-2.3,7.45,1.03,6.6375623,0.0,-0.013,"['RSI=47.0 中立', 'MACD デッドクロス(売りシグナル)', 'BB下限付近 bb_pct=6.7%(買いシグナル)']",{}
2799.HK,0.73,HOLD,0,44.6,0.002,0.74,0.77,41.4,2.82,-8.75,-13.1,0.51,-9.125,0.201,,"['RSI=44.6 中立', 'MACD ゴールデンクロス(買いシグナル)', 'MA 下降トレンド(売りシグナル)']",{}
600547.SS,35.4,SELL,-30,33.3,-0.208,38.55,42.15,12.9,-1.23,-13.93,-34.75,0.96,14.7444725,-0.412,0.322,"['RSI=33.3 中立', 'MACD デッドクロス(売りシグナル)', 'MA 下降トレンド(売りシグナル)', 'BB下限付近 bb_pct=12.9%(買いシグナル)', '1ヶ月モメンタム -13.9%(強い下落)']",{}
600893.SS,45.46,HOLD,-20,36.7,-0.363,49.31,52.27,-5.5,-9.73,-7.3,-10.14,0.72,59.81579,-0.643,0.148,"['RSI=36.7 中立', 'MACD デッドクロス(売りシグナル)', 'MA 下降トレンド(売りシグナル)', 'BB下限付近 bb_pct=-5.5%(買いシグナル)']",{}
688303.SS,22.96,HOLD,15,55.0,0.144,21.97,22.61,73.1,-1.63,9.23,-11.04,1.06,18.975204,,0.135,"['RSI=55.0 中立', 'MACD ゴールデンクロス(買いシグナル)']",{}
600673.SS,33.14,HOLD,15,50.5,0.031,32.69,34.13,57.2,-2.93,5.54,13.88,0.73,49.462685,-0.579,0.269,"['RSI=50.5 中立', 'MACD ゴールデンクロス(買いシグナル)']",{}
688578.SS,93.57,HOLD,-5,45.1,-0.624,96.68,95.3,16.3,-2.91,-5.46,-6.48,1.01,14.395385,0.549,0.442,"['RSI=45.1 中立', 'MACD デッドクロス(売りシグナル)', 'BB下限付近 bb_pct=16.3%(買いシグナル)']",{}
000002.SS,,HOLD,25,57.4,9.941,,,,,,,19.83,,,,"['RSI=57.4 中立', 'MACD ゴールデンクロス(買いシグナル)', '出来高急増 19.8x(注目)']",{}
688617.SS,242.76,HOLD,-5,41.6,-2.239,254.02,242.85,-1.4,-2.03,-3.76,0.07,0.77,26.88807,0.254,0.248,"['RSI=41.6 中立', 'MACD デッドクロス(売りシグナル)', 'BB下限付近 bb_pct=-1.4%(買いシグナル)']",{}
7203.T,3026.0,HOLD,-20,33.7,-25.204,3253.35,3373.43,0.3,-3.11,-7.23,-13.12,0.41,9.333169,-0.423,0.086,"['RSI=33.7 中立', 'MACD デッドクロス(売りシグナル)', 'MA 下降トレンド(売りシグナル)', 'BB下限付近 bb_pct=0.3%(買いシグナル)']",{}
8306.T,2826.0,HOLD,-15,52.4,-6.379,2831.28,2762.76,47.5,2.69,2.39,4.49,0.39,18.63133,0.087,0.117,"['RSI=52.4 中立', 'MACD デッドクロス(売りシグナル)']",{}
6758.T,3131.0,HOLD,-20,36.5,-16.889,3305.7,3332.16,-10.0,-4.05,-5.95,-7.8,0.5,17.090612,,0.005,"['RSI=36.5 中立', 'MACD デッドクロス(売りシグナル)', 'MA 下降トレンド(売りシグナル)', 'BB下限付近 bb_pct=-10.0%(買いシグナル)']",{}
6501.T,4895.0,HOLD,-15,46.3,-2.514,5002.25,4894.86,36.5,-5.92,4.71,-6.92,0.52,27.474316,-0.101,0.113,"['RSI=46.3 中立', 'MACD デッドクロス(売りシグナル)']",{}
8316.T,5499.0,HOLD,-15,52.2,-6.77,5502.85,5408.94,49.1,2.79,2.06,5.62,0.49,17.302792,0.141,0.218,"['RSI=52.2 中立', 'MACD デッドクロス(売りシグナル)']",{}
6857.T,28855.0,BUY,40,59.1,350.852,26371.25,25265.7,71.7,3.42,36.59,18.88,0.39,121.3772,2.204,0.412,"['RSI=59.1 中立', 'MACD ゴールデンクロス(買いシグナル)', 'MA 上昇トレンド(買いシグナル)', '1ヶ月モメンタム +36.6%(強い上昇)']",{}
8035.T,44920.0,BUY,40,56.6,135.213,43270.5,41765.96,64.9,-1.23,18.15,14.24,0.41,35.080456,-0.244,-0.157,"['RSI=56.6 中立', 'MACD ゴールデンクロス(買いシグナル)', 'MA 上昇トレンド(買いシグナル)', '1ヶ月モメンタム +18.1%(強い上昇)']",{}
8058.T,4920.0,SELL,-30,44.2,-31.977,5111.9,5170.91,30.8,2.67,-8.84,21.72,0.3,23.20317,0.278,0.099,"['RSI=44.2 中立', 'MACD デッドクロス(売りシグナル)', 'MA 下降トレンド(売りシグナル)']",{}
8031.T,5862.0,HOLD,-15,47.6,-38.563,6025.55,5946.44,34.7,2.5,-5.63,19.47,0.28,19.948954,-0.204,-0.015,"['RSI=47.6 中立', 'MACD デッドクロス(売りシグナル)']",{}
8411.T,6702.0,HOLD,0,52.3,-5.605,6683.4,6529.36,52.7,3.39,4.33,3.34,0.37,19.9091,0.164,0.055,"['RSI=52.3 中立', 'MACD デッドクロス(売りシグナル)', 'MA 上昇トレンド(買いシグナル)']",{}
7011.T,4612.0,HOLD,0,48.3,12.019,4677.4,4707.1,37.0,-2.99,-2.1,2.64,0.41,49.757202,0.478,-0.029,"['RSI=48.3 中立', 'MACD ゴールデンクロス(買いシグナル)', 'MA 下降トレンド(売りシグナル)']",{}
D05.SI,56.56,HOLD,-5,45.2,-0.121,57.11,56.31,9.1,-0.77,-0.33,-2.57,1.4,13.655043,-0.088,-0.033,"['RSI=45.2 中立', 'MACD デッドクロス(売りシグナル)', 'BB下限付近 bb_pct=9.1%(買いシグナル)']",{}
9983.T,72900.0,HOLD,10,59.9,-202.564,70927.5,67228.19,62.3,5.21,15.7,21.73,0.26,53.260273,0.298,0.148,"['RSI=59.9 中立', 'MACD デッドクロス(売りシグナル)', 'MA 上昇トレンド(買いシグナル)', '1ヶ月モメンタム +15.7%(強い上昇)']",{}
8001.T,1928.0,HOLD,-20,40.8,-4.865,1993.45,2048.37,16.9,-0.13,-5.42,-1.63,0.33,2.9794366,-0.124,-0.003,"['RSI=40.8 中立', 'MACD デッドクロス(売りシグナル)', 'MA 下降トレンド(売りシグナル)', 'BB下限付近 bb_pct=16.9%(買いシグナル)']",{}
9984.T,5104.0,BUY,40,58.7,91.103,4552.05,4137.31,66.6,-12.56,41.62,24.97,0.33,17.28809,,0.082,"['RSI=58.7 中立', 'MACD ゴールデンクロス(買いシグナル)', 'MA 上昇トレンド(買いシグナル)', '1ヶ月モメンタム +41.6%(強い上昇)']",{}
6861.T,73160.0,HOLD,10,76.4,1223.152,63426.5,61406.38,101.9,15.27,28.62,31.74,0.6,39.177677,,,"['RSI=76.4 買われすぎ(売りシグナル)', 'MACD ゴールデンクロス(買いシグナル)', 'MA 上昇トレンド(買いシグナル)', 'BB上限付近 bb_pct=101.9%(売りシグナル)', '1ヶ月モメンタム +28.6%(強い上昇)']",{}
8766.T,7246.0,HOLD,0,58.6,-20.974,7145.45,6685.86,67.6,2.46,-0.22,27.7,0.21,14.697173,0.047,0.218,"['RSI=58.6 中立', 'MACD デッドクロス(売りシグナル)', 'MA 上昇トレンド(買いシグナル)']",{}
4063.T,7274.0,HOLD,10,72.7,26.837,6717.9,6345.57,113.8,9.15,13.44,43.11,0.78,22.063505,-0.063,0.013,"['RSI=72.7 買われすぎ(売りシグナル)', 'MACD ゴールデンクロス(買いシグナル)', 'MA 上昇トレンド(買いシグナル)', 'BB上限付近 bb_pct=113.8%(売りシグナル)', '1ヶ月モメンタム +13.4%(強い上昇)']",{}
6503.T,6355.0,BUY,30,67.8,38.186,5794.5,5615.35,96.5,8.06,23.23,32.84,0.79,38.4825,-0.149,0.049,"['RSI=67.8 中立', 'MACD ゴールデンクロス(買いシグナル)', 'MA 上昇トレンド(買いシグナル)', 'BB上限付近 bb_pct=96.5%(売りシグナル)', '1ヶ月モメンタム +23.2%(強い上昇)']",{}
7974.T,7787.0,SELL,-30,30.9,-48.081,8373.85,8718.43,3.7,-5.27,-11.13,-20.13,0.43,22.880733,0.244,0.863,"['RSI=30.9 中立', 'MACD デッドクロス(売りシグナル)', 'MA 下降トレンド(売りシグナル)', 'BB下限付近 bb_pct=3.7%(買いシグナル)', '1ヶ月モメンタム -11.1%(強い下落)']",{}
